tree,facet,word,exact,match,count
PMC1397864,frequencies,control,,,48
PMC1397864,frequencies,group,,,43
PMC1397864,frequencies,myocardial,,,42
PMC1397864,frequencies,reperfusion,,,38
PMC1397864,frequencies,apoptosis,,,33
PMC1397864,frequencies,compared,,,31
PMC1397864,frequencies,&lt;,,,30
PMC1397864,frequencies,Bcl-,,,29
PMC1397864,frequencies,TUNEL,,,26
PMC1397864,frequencies,min,,,26
PMC1397864,frequencies,ventricular,,,23
PMC1397864,frequencies,ischemia,,,22
PMC1397864,frequencies,significantly,,,22
PMC1397864,frequencies,cell,,,21
PMC1397864,frequencies,expression,,,21
PMC1397864,frequencies,significant,,,21
PMC2249741,frequencies,wound,,,60
PMC2249741,frequencies,healing,,,31
PMC2249741,frequencies,sanctum,,,28
PMC2249741,frequencies,extract,,,27
PMC2249741,frequencies,aqueous,,,26
PMC2249741,frequencies,alcoholic,,,23
PMC2803133,frequencies,rats,,,26
PMC2803133,frequencies,leaves,,,22
PMC2803133,frequencies,liver,,,22
PMC2803133,frequencies,cardiac,,,21
PMC2832770,frequencies,Ocimum,,,79
PMC2832770,frequencies,sanctum,,,69
PMC2832770,frequencies,rich,,,45
PMC2832770,frequencies,saponin,,,40
PMC2832770,frequencies,fraction,,,37
PMC2832770,frequencies,mg/kg,,,31
PMC2832770,frequencies,pain,,,30
PMC2832770,frequencies,calcium,,,28
PMC2832770,frequencies,vincristine,,,27
PMC2832770,frequencies,neuropathic,,,25
PMC2832770,frequencies,rats,,,24
PMC2832770,frequencies,control,,,23
PMC2832770,frequencies,extract,,,21
PMC2861815,frequencies,cocaine,,,66
PMC2861815,frequencies,superoxide,,,37
PMC2861815,frequencies,chronic,,,35
PMC2861815,frequencies,Cocaine,,,27
PMC2861815,frequencies,ascorbic,,,27
PMC2861815,frequencies,&lt;,,,24
PMC2861815,frequencies,production,,,24
PMC2861815,frequencies,respiratory,,,23
PMC2861815,frequencies,acid,,,21
PMC2861815,frequencies,acute,,,21
PMC2861815,frequencies,vs.,,,21
PMC2959210,frequencies,sanctum,,,58
PMC2959210,frequencies,sinensis,,,46
PMC2959210,frequencies,stress,,,31
PMC2959210,frequencies,open,,,26
PMC2997456,frequencies,cadmium,,,41
PMC2997456,frequencies,Withania,,,24
PMC2997456,frequencies,liver,,,24
PMC2997456,frequencies,diet,,,22
PMC2997456,frequencies,Ocimum,,,21
PMC3052594,frequencies,chlorpyrifos,,,42
PMC3052594,frequencies,.±.,,,34
PMC3052594,frequencies,cells,,,27
PMC3052594,frequencies,DNA,,,26
PMC3052594,frequencies,treated,,,26
PMC3052594,frequencies,damage,,,25
PMC3119265,frequencies,Ocimum,,,35
PMC3119265,frequencies,sanctum,,,28
PMC3119265,frequencies,hepatoprotective,,,24
PMC3178181,frequencies,rats,,,58
PMC3178181,frequencies,liver,,,39
PMC3178181,frequencies,lipid,,,36
PMC3178181,frequencies,hepatic,,,33
PMC3178181,frequencies,serum,,,32
PMC3178181,frequencies,cardiac,,,27
PMC3178181,frequencies,diet,,,26
PMC3178181,frequencies,cholesterol,,,23
PMC3178181,frequencies,treated,,,21
PMC3183620,frequencies,meloxicam,,,45
PMC3183620,frequencies,Ocimum,,,36
PMC3183620,frequencies,sanctum,,,32
PMC3183620,frequencies,group,,,30
PMC3183620,frequencies,rats,,,28
PMC3249909,frequencies,sanctum,,,151
PMC3249909,frequencies,Ocimum,,,72
PMC3249909,frequencies,extract,,,71
PMC3249909,frequencies,activity,,,32
PMC3249909,frequencies,effect,,,30
PMC3249909,frequencies,Indian,,,26
PMC3249909,frequencies,mg/kg,,,26
PMC3249909,frequencies,leaf,,,24
PMC3249909,frequencies,significantly,,,24
PMC3249909,frequencies,oil,,,23
PMC3269354,frequencies,cells,,,51
PMC3269354,frequencies,extracts,,,38
PMC3269354,frequencies,dengue,,,34
PMC3269354,frequencies,flavonoids,,,33
PMC3269354,frequencies,antiviral,,,30
PMC3269354,frequencies,cell,,,28
PMC3269354,frequencies,methanolic,,,25
PMC3269354,frequencies,plants,,,25
PMC3269354,frequencies,total,,,25
PMC3269354,frequencies,inhibition,,,24
PMC3269354,frequencies,DENV-,,,23
PMC3269354,frequencies,virus,,,23
PMC3269354,frequencies,charantia,,,22
PMC3269354,frequencies,extract,,,21
PMC3269354,frequencies,paniculata,,,21
PMC3269354,frequencies,using,,,21
PMC3385242,frequencies,levels,,,32
PMC3385242,frequencies,Ocimumoside,,,30
PMC3385242,frequencies,brain,,,29
PMC3385242,frequencies,stress,,,25
PMC3385242,frequencies,changes,,,23
PMC3385242,frequencies,"P&lt;.,",,,22
PMC3385242,frequencies,activity,,,21
PMC3385242,frequencies,compared,,,21
PMC3644756,frequencies,extract,,,46
PMC3644756,frequencies,memory,,,38
PMC3644756,frequencies,Ocimum,,,33
PMC3644756,frequencies,basilicum,,,28
PMC3644756,frequencies,day,,,21
PMC3687502,frequencies,rats,,,55
PMC3687502,frequencies,diabetic,,,49
PMC3687502,frequencies,reported,,,46
PMC3687502,frequencies,extract,,,45
PMC3687502,frequencies,insulin,,,43
PMC3687502,frequencies,diabetes,,,39
PMC3687502,frequencies,effect,,,38
PMC3687502,frequencies,activity,,,36
PMC3687502,frequencies,Indian,,,34
PMC3687502,frequencies,sanctum,,,34
PMC3687502,frequencies,antidiabetic,,,28
PMC3687502,frequencies,Eugenia,,,27
PMC3687502,frequencies,Ocimum,,,26
PMC3687502,frequencies,glucose,,,26
PMC3687502,frequencies,used,,,25
PMC3687502,frequencies,effects,,,24
PMC3687502,frequencies,Momordica,,,22
PMC3687502,frequencies,blood,,,22
PMC3687502,frequencies,plants,,,22
PMC3687502,frequencies,Pterocarpus,,,21
PMC3687502,frequencies,jambolana,,,21
PMC3713276,frequencies,rats,,,33
PMC3713276,frequencies,basilicum,,,29
PMC3713276,frequencies,Ocimum,,,28
PMC3713276,frequencies,extract,,,25
PMC3713276,frequencies,cell,,,23
PMC3713276,frequencies,apoptosis,,,22
PMC3713276,frequencies,testicular,,,22
PMC3778630,frequencies,faecalis,,,35
PMC3778630,frequencies,antibacterial,,,21
PMC3831728,frequencies,eugenol,,,40
PMC3831728,frequencies,essential,,,37
PMC3831728,frequencies,oil,,,32
PMC3831728,frequencies,gratissimum,,,30
PMC3831728,frequencies,activity,,,24
PMC3831728,frequencies,antioxidant,,,24
PMC3831728,frequencies,sanctum,,,23
PMC3831728,frequencies,methyl,,,22
PMC3831728,frequencies,oils,,,21
PMC3910118,frequencies,using,,,24
PMC3910118,frequencies,DNA,,,21
PMC3910118,frequencies,Ocimum,,,21
PMC3960749,frequencies,diabetic,,,54
PMC3960749,frequencies,rats,,,39
PMC3960749,frequencies,level,,,29
PMC3960749,frequencies,extract,,,26
PMC3960749,frequencies,acid,,,24
PMC3960749,frequencies,oxidative,,,22
PMC4003702,frequencies,cells,,,46
PMC4003702,frequencies,Figure,,,26
PMC4003702,frequencies,Medium,,,25
PMC4003702,frequencies,added,,,24
PMC4003702,frequencies,nicotine,,,22
PMC4047570,frequencies,sanctum,,,33
PMC4047570,frequencies,virus,,,32
PMC4054046,frequencies,antimicrobial,,,37
PMC4054046,frequencies,activity,,,25
PMC4054046,frequencies,endodontic,,,24
PMC4054046,frequencies,plant,,,24
PMC4054046,frequencies,extract,,,21
PMC4061585,frequencies,Ocimum,,,61
PMC4061585,frequencies,sanctum,,,53
PMC4061585,frequencies,plaque,,,46
PMC4061585,frequencies,study,,,27
PMC4061585,frequencies,chlorhexidine,,,23
PMC4061585,frequencies,gingivitis,,,21
PMC4090833,frequencies,sanctum,,,44
PMC4090833,frequencies,dose,,,39
PMC4090833,frequencies,Ayurvedic,,,23
PMC4097936,frequencies,gallic,,,32
PMC4097936,frequencies,lupeol,,,29
PMC4097936,frequencies,asarones,,,26
PMC4097936,frequencies,SJT-DI-,,,23
PMC4097936,frequencies,"acid,",,,21
PMC4097936,frequencies,"marmelosin,",,,21
PMC4125705,frequencies,sanctum,,,103
PMC4125705,frequencies,transcripts,,,78
PMC4125705,frequencies,basilicum,,,73
PMC4125705,frequencies,synthase,,,64
PMC4125705,frequencies,...,,,62
PMC4125705,frequencies,Ocimum,,,56
PMC4125705,frequencies,biosynthesis,,,42
PMC4125705,frequencies,genes,,,36
PMC4125705,frequencies,using,,,35
PMC4125705,frequencies,gene,,,31
PMC4125705,frequencies,pathway,,,30
PMC4125705,frequencies,analysis,,,25
PMC4125705,frequencies,transcriptome,,,25
PMC4125705,frequencies,(.%),,,24
PMC4125705,frequencies,"CYP,",,,24
PMC4125705,frequencies,file,,,24
PMC4125705,frequencies,annotation,,,23
PMC4125705,frequencies,number,,,23
PMC4125705,frequencies,Plant,,,22
PMC4125705,frequencies,biosynthesis;,,,21
PMC4125705,frequencies,expression,,,21
PMC4166821,frequencies,antioxidant,,,41
PMC4166821,frequencies,Phytocee™,,,37
PMC4166821,frequencies,stress,,,37
PMC4166821,frequencies,CCl,,,33
PMC4166821,frequencies,Cool,,,32
PMC4166821,frequencies,oxidative,,,29
PMC4166821,frequencies,induced,,,27
PMC4166821,frequencies,rats,,,23
PMC4166821,frequencies,levels,,,21
PMC4178353,frequencies,Cissus,,,33
PMC4178353,frequencies,quadrangularis,,,22
PMC4178353,frequencies,healing,,,21
PMC4219006,frequencies,EEOS,,,76
PMC4219006,frequencies,NCI-H,,,69
PMC4219006,frequencies,cells,,,58
PMC4219006,frequencies,OPN,,,56
PMC4219006,frequencies,treated,,,46
PMC4219006,frequencies,metastasis,,,45
PMC4219006,frequencies,cancer,,,39
PMC4219006,frequencies,expression,,,31
PMC4219006,frequencies,cells.,,,30
PMC4219006,frequencies,cell,,,22
PMC4238170,frequencies,MMP-,,,24
PMC4238170,frequencies,OSEO,,,21
PMC4238170,frequencies,cancer,,,21
PMC4286833,frequencies,gel,,,81
PMC4286833,frequencies,tulsi,,,24
PMC4286833,frequencies,treatment,,,22
PMC4286833,frequencies,rats,,,21
PMC4296432,frequencies,memory,,,59
PMC4296432,frequencies,rats,,,45
PMC4296432,frequencies,learning,,,38
PMC4296432,frequencies,drugs,,,37
PMC4296432,frequencies,errors,,,33
PMC4296432,frequencies,number,,,29
PMC4296432,frequencies,plant,,,27
PMC4296432,frequencies,time,,,27
PMC4296432,frequencies,comparable,,,26
PMC4296432,frequencies,Day,,,25
PMC4296432,frequencies,food,,,25
PMC4296432,frequencies,test,,,23
PMC4296432,frequencies,treated,,,22
PMC4296432,frequencies,effects,,,21
PMC4296432,frequencies,trace,,,21
PMC4296439,frequencies,Ocimum,,,108
PMC4296439,frequencies,sanctum,,,89
PMC4296439,frequencies,tulsi,,,79
PMC4296439,frequencies,activity,,,35
PMC4296439,frequencies,Indian,,,29
PMC4296439,frequencies,extract,,,29
PMC4296439,frequencies,stress,,,29
PMC4296439,frequencies,Tulsi,,,25
PMC4296439,frequencies,effect,,,23
PMC4296439,frequencies,Singh,,,21
PMC4296439,frequencies,rats,,,21
PMC4297304,frequencies,silver,,,73
PMC4297304,frequencies,nanoparticles,,,70
PMC4297304,frequencies,. × ,,,64
PMC4297304,frequencies,leaf,,,52
PMC4297304,frequencies,sanctum,,,51
PMC4297304,frequencies,extract,,,38
PMC4297304,frequencies,plant,,,32
PMC4297304,frequencies,aqueous,,,30
PMC4297304,frequencies,using,,,24
PMC4297304,frequencies,extracts,,,22
PMC4297304,frequencies,Ocimum,,,21
PMC4297304,frequencies,synthesis,,,21
PMC4344766,frequencies,sanctum,,,33
PMC4344766,frequencies,EOs,,,29
PMC4344766,frequencies,antimicrobial,,,28
PMC4344766,frequencies,growth,,,28
PMC4344766,frequencies,activities,,,26
PMC4353034,frequencies,oral,,,28
PMC4353034,frequencies,EOs,,,27
PMC4353034,frequencies,antimicrobial,,,27
PMC4353034,frequencies,essential,,,21
PMC4357966,frequencies,tenuiflorum,,,84
PMC4357966,frequencies,extract,,,42
PMC4357966,frequencies,diabetic,,,31
PMC4357966,frequencies,rats,,,31
PMC4357966,frequencies,activity,,,29
PMC4357966,frequencies,induced,,,29
PMC4357966,frequencies,hydroalcoholic,,,28
PMC4357966,frequencies,Ocimum,,,27
PMC4357966,frequencies,animals,,,27
PMC4357966,frequencies,leaves,,,26
PMC4357966,frequencies,phytoconstituents,,,25
PMC4357966,frequencies,effect,,,23
PMC4357966,frequencies,mg/kg,,,23
PMC4367033,frequencies,antioxidant,,,27
PMC4367033,frequencies,Phytocee,,,26
PMC4367033,frequencies,levels,,,22
PMC4389114,frequencies,.±.,,,49
PMC4389114,frequencies,quercetin,,,37
PMC4389114,frequencies,skin,,,30
PMC4389114,frequencies,mice,,,26
PMC4389114,frequencies,Group,,,23
PMC4395929,frequencies,patients,,,34
PMC4395929,frequencies,treatment,,,34
PMC4395929,frequencies,study,,,24
PMC4445982,frequencies,genome,,,78
PMC4445982,frequencies,sanctum,,,62
PMC4445982,frequencies,sequences,,,43
PMC4445982,frequencies,synthase,,,43
PMC4445982,frequencies,file,,,39
PMC4445982,frequencies,using,,,36
PMC4445982,frequencies,genes,,,35
PMC4445982,frequencies,plant,,,31
PMC4445982,frequencies,Ocimum,,,30
PMC4445982,frequencies,scaffolds,,,29
PMC4445982,frequencies,sequence,,,26
PMC4445982,frequencies,chloroplast,,,24
PMC4445982,frequencies,no.,,,23
PMC4445982,frequencies,reads,,,23
PMC4445982,frequencies,(Accession,,,22
PMC4445982,frequencies,data,,,21
PMC4445982,frequencies,used,,,21
PMC4461963,frequencies,STE,,,37
PMC4461963,frequencies,induced,,,29
PMC4461963,frequencies,activity,,,25
PMC4461963,frequencies,paw,,,25
PMC4461963,frequencies,analgesic,,,24
PMC4461963,frequencies,test,,,22
PMC4464543,frequencies,herbal,,,22
PMC4540216,frequencies,healing,,,25
PMC4540216,frequencies,wound,,,23
PMC4552454,frequencies,genes,,,102
PMC4552454,frequencies,Krishna,,,83
PMC4552454,frequencies,genome,,,71
PMC4552454,frequencies,Tulsi,,,69
PMC4552454,frequencies,file,,,56
PMC4552454,frequencies,using,,,55
PMC4552454,frequencies,tenuiflorum,,,47
PMC4552454,frequencies,gene,,,42
PMC4552454,frequencies,plant,,,41
PMC4552454,frequencies,subtype,,,41
PMC4552454,frequencies,species,,,40
PMC4552454,frequencies,Additional,,,38
PMC4552454,frequencies,Ocimum,,,37
PMC4552454,frequencies,Rama,,,37
PMC4552454,frequencies,Table,,,33
PMC4552454,frequencies,metabolites,,,33
PMC4552454,frequencies,assembly,,,32
PMC4552454,frequencies,used,,,30
PMC4552454,frequencies,involved,,,29
PMC4552454,frequencies,leaf,,,29
PMC4552454,frequencies,samples,,,29
PMC4552454,frequencies,sequence,,,29
PMC4552454,frequencies,different,,,28
PMC4552454,frequencies,synthase,,,28
PMC4552454,frequencies,Figure,,,27
PMC4552454,frequencies,acid,,,27
PMC4552454,frequencies,protein,,,26
PMC4552454,frequencies,LINK,,,25
PMC4552454,frequencies,expression,,,23
PMC4552454,frequencies,identified,,,23
PMC4552454,frequencies,genome.,,,22
PMC4552454,frequencies,reads,,,22
PMC4552454,frequencies,assembled,,,21
PMC4552454,frequencies,"genes,",,,21
PMC4557240,frequencies,extracts,,,38
PMC4557240,frequencies,antimicrobial,,,27
PMC4557240,frequencies,dental,,,23
PMC4557240,frequencies,efficacy,,,22
PMC4558530,frequencies,OSEO,,,122
PMC4558530,frequencies,ZEA,,,72
PMC4558530,frequencies,concentration,,,39
PMC4558530,frequencies,production,,,31
PMC4558530,frequencies,Food,,,30
PMC4558530,frequencies,activity,,,25
PMC4558530,frequencies,graminearum,,,24
PMC4558530,frequencies,essential,,,23
PMC4558530,frequencies,present,,,23
PMC4558530,frequencies,study,,,22
PMC4558530,frequencies,PKS,,,21
PMC4558530,frequencies,control,,,21
PMC4558530,frequencies,fungal,,,21
PMC4558530,frequencies,sanctum,,,21
PMC4562040,frequencies,sanctum,,,34
PMC4562040,frequencies,extract,,,30
PMC4562040,frequencies,Ocimum,,,21
PMC4569613,frequencies,RAPD,,,58
PMC4569613,frequencies,ISSR,,,54
PMC4569613,frequencies,Ocimum,,,48
PMC4569613,frequencies,species,,,40
PMC4569613,frequencies,markers,,,36
PMC4569613,frequencies,genetic,,,33
PMC4569613,frequencies,genotypes,,,30
PMC4569613,frequencies,analysis,,,28
PMC4569613,frequencies,Tulsi,,,26
PMC4569613,frequencies,similarity,,,24
PMC4569613,frequencies,basilicum,,,22
PMC4569613,frequencies,primers,,,22
PMC4569613,frequencies,using,,,21
PMC4575751,frequencies,sperm,,,70
PMC4575751,frequencies,extract,,,46
PMC4575751,frequencies,rats,,,42
PMC4575751,frequencies,epididymal,,,38
PMC4575751,frequencies,cauda,,,34
PMC4575751,frequencies,spermatozoa,,,34
PMC4575751,frequencies,leaves,,,31
PMC4575751,frequencies,benzene,,,29
PMC4575751,frequencies,sanctum,,,27
PMC4575751,frequencies,male,,,25
PMC4575751,frequencies,Ocimum,,,24
PMC4575751,frequencies,plasma,,,24
PMC4575751,frequencies,albino,,,23
PMC4578181,frequencies,layer,,,33
PMC4578181,frequencies,smear,,,30
PMC4578181,frequencies,Group,,,22
PMC4578181,frequencies,removal,,,21
PMC4621411,frequencies,species,,,55
PMC4621411,frequencies,plant,,,51
PMC4621411,frequencies,richness,,,36
PMC4621411,frequencies,bacterial,,,33
PMC4621411,frequencies,microbial,,,27
PMC4621411,frequencies,diversity,,,26
PMC4621411,frequencies,growth,,,24
PMC4631451,frequencies,endophytic,,,101
PMC4631451,frequencies,fungi,,,74
PMC4631451,frequencies,fungal,,,69
PMC4631451,frequencies,plant,,,48
PMC4631451,frequencies,sampling,,,43
PMC4631451,frequencies,activity,,,42
PMC4631451,frequencies,Hyderabad,,,34
PMC4631451,frequencies,endophytes,,,34
PMC4631451,frequencies,sanctum,,,32
PMC4631451,frequencies,different,,,31
PMC4631451,frequencies,isolated,,,29
PMC4631451,frequencies,species,,,27
PMC4631451,frequencies,Table,,,26
PMC4631451,frequencies,tissues,,,26
PMC4631451,frequencies,isolates,,,25
PMC4631451,frequencies,Delhi,,,24
PMC4631451,frequencies,extracts,,,24
PMC4631451,frequencies,phaseolina,,,24
PMC4631451,frequencies,Fusarium,,,23
PMC4631451,frequencies,Fungal,,,21
PMC4631451,frequencies,acid,,,21
PMC4631451,frequencies,recovered,,,21
PMC4704049,frequencies,eugenol,,,53
PMC4704049,frequencies,Fig.,,,27
PMC4704049,frequencies,blood,,,25
PMC4704049,frequencies,using,,,25
PMC4704049,frequencies,glucose,,,24
PMC4704049,frequencies,glycation,,,21
PMC4704049,frequencies,inhibition,,,21
PMC4704049,frequencies,performed,,,21
PMC4708241,frequencies,quercetol,,,38
PMC4708241,frequencies,HepG,,,37
PMC4708241,frequencies,cells,,,30
PMC4708241,frequencies,cell,,,22
PMC4719483,frequencies,memory,,,67
PMC4719483,frequencies,learning,,,52
PMC4719483,frequencies,mice,,,43
PMC4719483,frequencies,drugs,,,37
PMC4719483,frequencies,plant,,,34
PMC4719483,frequencies,day,,,22
PMC4722878,frequencies,diet,,,68
PMC4722878,frequencies,armigera,,,55
PMC4722878,frequencies,extract,,,41
PMC4722878,frequencies,larvae,,,40
PMC4722878,frequencies,extracts,,,32
PMC4722878,frequencies,antifeedant,,,29
PMC4722878,frequencies,control,,,28
PMC4722878,frequencies,neriifolia,,,27
PMC4722878,frequencies,feeding,,,25
PMC4722878,frequencies,methanol,,,24
PMC4722878,frequencies,midgut,,,24
PMC4722878,frequencies,Helicoverpa,,,23
PMC4722878,frequencies,".%,",,,22
PMC4722878,frequencies,stem,,,22
PMC4727760,frequencies,stress,,,24
PMC4727760,frequencies,anti-stress,,,21
PMC4727760,frequencies,latency,,,21
PMC4740760,frequencies,acne,,,73
PMC4740760,frequencies,Rafieian-Kopaei,,,45
PMC4740760,frequencies,plants,,,36
PMC4740760,frequencies,treatment,,,34
PMC4740760,frequencies,skin,,,29
PMC4740760,frequencies,extract,,,26
PMC4740760,frequencies,effects,,,23
PMC4740760,frequencies,oil,,,21
PMC4740760,frequencies,vulgaris,,,21
PMC4752996,frequencies,extracts,,,26
PMC4752996,frequencies,plant,,,23
PMC4756573,frequencies,faecalis,,,22
PMC4774317,frequencies,rats,,,62
PMC4774317,frequencies,fixed,,,60
PMC4774317,frequencies,oil,,,56
PMC4774317,frequencies,serum,,,38
PMC4774317,frequencies,levels,,,34
PMC4774317,frequencies,renal,,,26
PMC4774317,frequencies,diabetic,,,25
PMC4774317,frequencies,leaves,,,25
PMC4774317,frequencies,Ocimum,,,23
PMC4774317,frequencies,acid,,,21
PMC4774317,frequencies,sanctum,,,21
PMC4784345,frequencies,americanum,,,66
PMC4784345,frequencies,var,,,60
PMC4784345,frequencies,Ob_,,,58
PMC4784345,frequencies,pilosum,,,51
PMC4784345,frequencies,chilling,,,44
PMC4784345,frequencies,unigenes,,,41
PMC4784345,frequencies,genes,,,36
PMC4784345,frequencies,cold,,,35
PMC4784345,frequencies,CBF,,,30
PMC4784345,frequencies,expression,,,28
PMC4784345,frequencies,plants,,,25
PMC4784345,frequencies,"Ob_,",,,24
PMC4784345,frequencies,transcriptome,,,24
PMC4784345,frequencies,protein,,,23
PMC4784345,frequencies,gene,,,21
PMC4787083,frequencies,extracts,,,42
PMC4787083,frequencies,activity,,,32
PMC4787083,frequencies,assay,,,28
PMC4787083,frequencies,enzyme,,,27
PMC4787083,frequencies,species,,,26
PMC4787083,frequencies,inhibitory,,,23
PMC4787083,frequencies,anti-oxidant,,,22
PMC4787083,frequencies,extract,,,21
PMC4787083,frequencies,extraction,,,21
PMC4787083,frequencies,scavenging,,,21
PMC4811902,frequencies,DON,,,73
PMC4811902,frequencies,Fusarium,,,41
PMC4811902,frequencies,control,,,26
PMC4811902,frequencies,detoxification,,,26
PMC4811902,frequencies,deoxynivalenol,,,23
PMC4811902,frequencies,wheat,,,22
PMC4811902,frequencies,mycotoxin,,,21
PMC4811902,frequencies,production,,,21
PMC4847459,frequencies,Tulsi,,,58
PMC4847459,frequencies,extract,,,30
PMC4847459,frequencies,antimicrobial,,,22
PMC4847459,frequencies,inhibition,,,22
PMC4847459,frequencies,periodontal,,,22
PMC4868837,frequencies,essential,,,81
PMC4868837,frequencies,oil,,,73
PMC4868837,frequencies,Tulsi,,,51
PMC4868837,frequencies,compounds,,,46
PMC4868837,frequencies,activity,,,35
PMC4868837,frequencies,volatile,,,34
PMC4868837,frequencies,antimicrobial,,,32
PMC4868837,frequencies,leaves,,,24
PMC4868837,frequencies,Ocimum,,,22
PMC4868837,frequencies,using,,,22
PMC4868837,frequencies,different,,,21
PMC4871963,frequencies,albicans,,,41
PMC4871963,frequencies,μg/mL,,,39
PMC4871963,frequencies,geraniol,,,36
PMC4871963,frequencies,activity,,,30
PMC4871963,frequencies,neoformans,,,25
PMC4871963,frequencies,cell,,,24
PMC4871963,frequencies,MIC,,,22
PMC4871963,frequencies,essential,,,22
PMC4871963,frequencies,linalool,,,22
PMC4888607,frequencies,oil,,,92
PMC4888607,frequencies,bark,,,59
PMC4888607,frequencies,cinnamon,,,49
PMC4888607,frequencies,essential,,,46
PMC4888607,frequencies,oils,,,43
PMC4888607,frequencies,&gt;.,,,37
PMC4888607,frequencies,activity,,,37
PMC4888607,frequencies,aeruginosa,,,35
PMC4888607,frequencies,MIC,,,31
PMC4888607,frequencies,cinnamaldehyde,,,30
PMC4888607,frequencies,MDR-PA,,,23
PMC4888607,frequencies,showed,,,23
PMC4889806,frequencies,orientin,,,96
PMC4889806,frequencies,leaves,,,26
PMC4889806,frequencies,medicinal,,,24
PMC4889806,frequencies,Orientin,,,23
PMC4897258,frequencies,"glycyrrhizin,",,,24
PMC4897258,frequencies,"vasicine,",,,24
PMC4897258,frequencies,"eugenol,",,,23
PMC4897258,frequencies,cineole,,,21
PMC4910298,frequencies,[].,,,62
PMC4910298,frequencies,radiation,,,44
PMC4910298,frequencies,extract,,,40
PMC4910298,frequencies,radioprotective,,,39
PMC4910298,frequencies,activity,,,29
PMC4910298,frequencies,anti-cancer,,,23
PMC4911752,frequencies,activity,,,53
PMC4911752,frequencies,antimicrobial,,,51
PMC4911752,frequencies,efficacy,,,47
PMC4911752,frequencies,antibacterial,,,39
PMC4911752,frequencies,compared,,,30
PMC4911752,frequencies,faecalis,,,26
PMC4911752,frequencies,Dent.,,,24
PMC4911752,frequencies,extracts,,,24
PMC4911752,frequencies,extract,,,23
PMC4911752,frequencies,root,,,23
PMC4911752,frequencies,vitro,,,22
PMC4911752,frequencies,essential,,,21
PMC4911752,frequencies,properties,,,21
PMC4930629,frequencies,root,,,33
PMC4930629,frequencies,canal,,,31
PMC4930629,frequencies,bacterial,,,30
PMC4930629,frequencies,faecalis,,,28
PMC4930629,frequencies,Endod,,,23
PMC4930629,frequencies,study,,,22
PMC4930629,frequencies,reduction,,,21
PMC4943962,frequencies,AFB,,,95
PMC4943962,frequencies,basilicum,,,59
PMC4943962,frequencies,extracts,,,50
PMC4943962,frequencies,leaves,,,46
PMC4943962,frequencies,aflatoxin,,,45
PMC4943962,frequencies,detoxification,,,45
PMC4943962,frequencies,extract,,,44
PMC4943962,frequencies,products,,,34
PMC4943962,frequencies,fistula,,,33
PMC4943962,frequencies,degradation,,,32
PMC4943962,frequencies,aflatoxins,,,28
PMC4943962,frequencies,showed,,,26
PMC4943962,frequencies,aqueous,,,25
PMC4943962,frequencies,fragmentation,,,23
PMC4943962,frequencies,plant,,,23
PMC4943962,frequencies,plants,,,23
PMC4943962,frequencies,toxin,,,22
PMC4943962,frequencies,Food,,,21
PMC4943962,frequencies,degraded,,,21
PMC4945999,frequencies,Candida,,,59
PMC4945999,frequencies,activity,,,43
PMC4945999,frequencies,oil,,,35
PMC4945999,frequencies,components,,,32
PMC4945999,frequencies,oils,,,32
PMC4945999,frequencies,seed,,,30
PMC4945999,frequencies,antifungal,,,29
PMC4945999,frequencies,anthelminticum,,,27
PMC4971952,frequencies,OSEO,,,42
PMC4971952,frequencies,cells,,,36
PMC4971952,frequencies,Ocimum,,,24
PMC4971952,frequencies,cancer,,,23
PMC4971952,frequencies,sanctum,,,22
PMC5041392,frequencies,clot,,,30
PMC5041392,frequencies,thrombolytic,,,23
PMC5056903,frequencies,natural,,,29
PMC5056903,frequencies,influenza,,,23
PMC5056903,frequencies,docking,,,21
PMC5056903,frequencies,protein,,,21
PMC5061480,frequencies,PHF,,,105
PMC5061480,frequencies,activity,,,58
PMC5061480,frequencies,mRNA,,,42
PMC5061480,frequencies,level,,,38
PMC5061480,frequencies,control,,,35
PMC5061480,frequencies,rats,,,33
PMC5061480,frequencies,CYPA,,,32
PMC5061480,frequencies,hepatic,,,31
PMC5061480,frequencies,reaction,,,31
PMC5061480,frequencies,week,,,31
PMC5061480,frequencies,&lt;,,,28
PMC5061480,frequencies,treatment,,,28
PMC5061480,frequencies,volume,,,27
PMC5061480,frequencies,effect,,,26
PMC5061480,frequencies,pretreatment,,,26
PMC5061480,frequencies,catalytic,,,25
PMC5061480,frequencies,formulation,,,25
PMC5061480,frequencies,weeks,,,25
PMC5061480,frequencies,Figure,,,24
PMC5061480,frequencies,standard,,,24
PMC5061480,frequencies,observed,,,23
PMC5061480,frequencies,increased,,,22
PMC5061480,frequencies,min,,,22
PMC5061480,frequencies,significant,,,22
PMC5061480,frequencies,expressed,,,21
PMC5061480,frequencies,intestinal,,,21
PMC5061863,frequencies,.±.,,,56
PMC5061863,frequencies,fenugreek,,,43
PMC5061863,frequencies,levels,,,40
PMC5061863,frequencies,blood,,,37
PMC5061863,frequencies,treatment,,,29
PMC5061863,frequencies,placebo,,,27
PMC5061863,frequencies,Fenfuro,,,26
PMC5061863,frequencies,fasting,,,26
PMC5061863,frequencies,significant,,,26
PMC5061863,frequencies,subjects,,,26
PMC5061863,frequencies,sugar,,,26
PMC5061863,frequencies,diabetes,,,25
PMC5061863,frequencies,glucose,,,25
PMC5061863,frequencies,"t=.,",,,24
PMC5061863,frequencies,plasma,,,23
PMC5061863,frequencies,anti-diabetic,,,22
PMC5061863,frequencies,seed,,,21
PMC5061863,frequencies,seeds,,,21
PMC5061863,frequencies,study,,,21
PMC5093107,frequencies,nanoparticles,,,179
PMC5093107,frequencies,palladium,,,96
PMC5093107,frequencies,platinum,,,57
PMC5093107,frequencies,extract,,,52
PMC5093107,frequencies,reduction,,,46
PMC5093107,frequencies,synthesis,,,38
PMC5093107,frequencies,using,,,31
PMC5093107,frequencies,used,,,30
PMC5093107,frequencies,leaf,,,29
PMC5093107,frequencies,showed,,,27
PMC5093107,frequencies,catalytic,,,25
PMC5093107,frequencies,size,,,25
PMC5093107,frequencies,activity,,,24
PMC5093107,frequencies,metal,,,24
PMC5093107,frequencies,nanoparticles.,,,22
PMC5093107,frequencies,cancer,,,21
PMC5136442,frequencies,expression,,,35
PMC5136442,frequencies,copticum,,,31
PMC5136442,frequencies,hld,,,31
PMC5136442,frequencies,assa-foetida,,,30
PMC5136442,frequencies,aureus,,,30
PMC5136442,frequencies,gene,,,30
PMC5136442,frequencies,MRSA,,,24
PMC5136442,frequencies,Staphylococcus,,,21
PMC5188440,frequencies,DNA,,,86
PMC5188440,frequencies,damage,,,72
PMC5188440,frequencies,cells,,,58
PMC5188440,frequencies,human,,,42
PMC5188440,frequencies,SBs,,,30
PMC5188440,frequencies,effects,,,28
PMC5188440,frequencies,high,,,26
PMC5188440,frequencies,induced,,,26
PMC5188440,frequencies,cell,,,25
PMC5188440,frequencies,Toxicol.,,,24
PMC5188440,frequencies,effect,,,24
PMC5188440,frequencies,oxidative,,,23
PMC5188440,frequencies,Res.,,,22
PMC5188440,frequencies,tea,,,21
PMC5234046,frequencies,ChAT,,,71
PMC5234046,frequencies,cells,,,60
PMC5234046,frequencies,sanctum,,,46
PMC5234046,frequencies,endothelial,,,34
PMC5234046,frequencies,expression,,,32
PMC5234046,frequencies,Linn.,,,30
PMC5234046,frequencies,extract,,,30
PMC5234046,frequencies,aging,,,29
PMC5234046,frequencies,human,,,24
PMC5234046,frequencies,HCMECs,,,23
PMC5234046,frequencies,cerebral,,,21
PMC5234046,frequencies,memory,,,21
PMC5238431,frequencies,essential,,,175
PMC5238431,frequencies,oils,,,131
PMC5238431,frequencies,oil,,,114
PMC5238431,frequencies,activity,,,55
PMC5238431,frequencies,food,,,45
PMC5238431,frequencies,fungi,,,43
PMC5238431,frequencies,pv.,,,40
PMC5238431,frequencies,Pandey,,,34
PMC5238431,frequencies,Tripathi,,,34
PMC5238431,frequencies,Singh,,,31
PMC5238431,frequencies,bacteria,,,31
PMC5238431,frequencies,test,,,29
PMC5238431,frequencies,Erwinia,,,23
PMC5238431,frequencies,plant,,,23
PMC5238431,frequencies,storage,,,23
PMC5238431,frequencies,Cymbopogon,,,22
PMC5238431,frequencies,antibacterial,,,22
PMC5238431,frequencies,Ocimum,,,21
PMC5288532,frequencies,Ori,,,33
PMC5288532,frequencies,NF-,,,28
PMC5288532,frequencies,cells,,,26
PMC5288532,frequencies,NLRP,,,21
PMC5289091,frequencies,Pgp,,,73
PMC5289091,frequencies,PHF,,,63
PMC5289091,frequencies,intestinal,,,43
PMC5289091,frequencies,expression,,,30
PMC5289091,frequencies,rats,,,30
PMC5289091,frequencies,effect,,,22
PMC5289091,frequencies,transport,,,21
PMC5301171,frequencies,TLR,,,54
PMC5301171,frequencies,weight,,,29
PMC5301171,frequencies,diet,,,28
PMC5301171,frequencies,expression,,,28
PMC5301171,frequencies,garlic,,,27
PMC5301171,frequencies,HBLP,,,26
PMC5301171,frequencies,treatment,,,25
PMC5301171,frequencies,broilers,,,24
PMC5301171,frequencies,fed,,,22
PMC5301171,frequencies,birds,,,21
PMC5301171,frequencies,powder,,,21
PMC5307909,frequencies,cell,,,30
PMC5307909,frequencies,cells,,,25
PMC5307909,frequencies,neuroblastoma,,,25
PMC5307909,frequencies,IMR-,,,23
PMC5307909,frequencies,jatamansi,,,21
PMC5339955,frequencies,MC-,,,166
PMC5339955,frequencies, ± .,,,127
PMC5339955,frequencies,endophytic,,,65
PMC5339955,frequencies, ± ,,,62
PMC5339955,frequencies,extracts,,,60
PMC5339955,frequencies,Fusarium,,,51
PMC5339955,frequencies,isolated,,,41
PMC5339955,frequencies,antimicrobial,,,40
PMC5339955,frequencies,endophytes,,,40
PMC5339955,frequencies,citriodora,,,36
PMC5339955,frequencies,fungi,,,35
PMC5339955,frequencies,fungal,,,34
PMC5339955,frequencies,activity,,,32
PMC5339955,frequencies,&gt;,,,31
PMC5339955,frequencies,cell,,,28
PMC5339955,frequencies,diversity,,,27
PMC5339955,frequencies,Cladosporium,,,25
PMC5339955,frequencies,used,,,23
PMC5339955,frequencies,. ± .,,,22
PMC5339983,frequencies,antimicrobial,,,29
PMC5339983,frequencies,Ca(OH),,,22
PMC5339983,frequencies,activity,,,22
PMC5376420,frequencies,tulsi,,,84
PMC5376420,frequencies,Ocimum,,,75
PMC5376420,frequencies,studies,,,57
PMC5376420,frequencies,sanctum,,,47
PMC5376420,frequencies,clinical,,,42
PMC5376420,frequencies,extract,,,32
PMC5376420,frequencies,leaf,,,31
PMC5376420,frequencies,study,,,31
PMC5376420,frequencies,reported,,,30
PMC5376420,frequencies,Indian,,,27
PMC5376420,frequencies,effects,,,24
PMC5388082,frequencies,extract,,,45
PMC5388082,frequencies,betle,,,42
PMC5388082,frequencies,ATCC,,,27
PMC5388082,frequencies,biofilm,,,22
PMC5388082,frequencies,activity,,,21
PMC5388082,frequencies,antibacterial,,,21
PMC5422909,frequencies,used,,,126
PMC5422909,frequencies,plants,,,117
PMC5422909,frequencies,plant,,,115
PMC5422909,frequencies,LCWU--,,,95
PMC5422909,frequencies,medicinal,,,91
PMC5422909,frequencies,Wild,,,88
PMC5422909,frequencies,study,,,78
PMC5422909,frequencies,species,,,76
PMC5422909,frequencies,Pakistan,,,73
PMC5422909,frequencies,reported,,,53
PMC5422909,frequencies,"tonic,",,,53
PMC5422909,frequencies,toxic,,,52
PMC5422909,frequencies,Toxic,,,49
PMC5422909,frequencies,Extract,,,48
PMC5422909,frequencies,tonic,,,44
PMC5422909,frequencies,use,,,43
PMC5422909,frequencies,fodder,,,42
PMC5422909,frequencies,disorder,,,39
PMC5422909,frequencies,Ethnobotanical,,,36
PMC5422909,frequencies,skin,,,36
PMC5422909,frequencies,"Fodder,",,,33
PMC5422909,frequencies,stomach,,,33
PMC5422909,frequencies,area,,,30
PMC5422909,frequencies,hair,,,30
PMC5422909,frequencies,wound,,,30
PMC5422909,frequencies,GIT,,,29
PMC5422909,frequencies,Herb,,,29
PMC5422909,frequencies,Non,,,29
PMC5422909,frequencies,district,,,29
PMC5422909,frequencies,ethnobotanical,,,29
PMC5422909,frequencies,Ethnopharmacol,,,28
PMC5422909,frequencies,"disorder,",,,28
PMC5422909,frequencies,"healing,",,,27
PMC5422909,frequencies,uses,,,27
PMC5422909,frequencies,Herbaceous,,,26
PMC5422909,frequencies,disease,,,26
PMC5422909,frequencies,knowledge,,,26
PMC5422909,frequencies,./j.jep...,,,25
PMC5422909,frequencies,"fodder,",,,25
PMC5422909,frequencies,Fodder,,,24
PMC5422909,frequencies,data,,,24
PMC5422909,frequencies,number,,,24
PMC5422909,frequencies,fever,,,23
PMC5422909,frequencies,value,,,23
PMC5422909,frequencies,Ahmad,,,22
PMC5422909,frequencies,Bot,,,22
PMC5422909,frequencies,Pak,,,22
PMC5422909,frequencies,Poaceae,,,22
PMC5422909,frequencies,family,,,22
PMC5422909,frequencies,"fuel,",,,22
PMC5422909,frequencies,blood,,,21
PMC5422909,frequencies,people,,,21
PMC5442075,frequencies,liver,,,84
PMC5442075,frequencies,natural,,,46
PMC5442075,frequencies,medicine,,,45
PMC5442075,frequencies,treatment,,,34
PMC5442075,frequencies,used,,,23
PMC5442075,frequencies,herbal,,,22
PMC5450247,frequencies,Candida,,,30
PMC5450247,frequencies,isolates,,,27
PMC5450247,frequencies,extracts,,,25
PMC5450247,frequencies,inhibition,,,21
PMC5471463,frequencies,used,,,77
PMC5471463,frequencies,MD-TU-,,,51
PMC5471463,frequencies,plants,,,51
PMC5471463,frequencies,species,,,40
PMC5471463,frequencies,plant,,,33
PMC5471463,frequencies,Tripura,,,29
PMC5471463,frequencies,Leaves,,,28
PMC5471463,frequencies,study,,,25
PMC5471463,frequencies,medicinal,,,23
PMC5471463,frequencies,India,,,21
PMC5486092,frequencies,aeruginosa,,,99
PMC5486092,frequencies,biofilm,,,49
PMC5486092,frequencies,PAO,,,45
PMC5486092,frequencies,Figure,,,42
PMC5486092,frequencies,Pseudomonas,,,42
PMC5486092,frequencies,compounds,,,34
PMC5486092,frequencies,bacterial,,,30
PMC5486092,frequencies,formation,,,25
PMC5486092,frequencies,production,,,24
PMC5486092,frequencies,virulence,,,24
PMC5486092,frequencies,β-sitosterol,,,22
PMC5486092,frequencies,expression,,,21
PMC5514443,frequencies,medicinal,,,34
PMC5514443,frequencies,dengue,,,32
PMC5514443,frequencies,activity,,,25
PMC5514443,frequencies,plants,,,25
PMC5514443,frequencies,DENV-,,,21
PMC5573556,frequencies,anxiety,,,77
PMC5573556,frequencies,Indian,,,48
PMC5573556,frequencies,India,,,26
PMC5573556,frequencies,Psychiatry.,,,26
PMC5573556,frequencies,disorders,,,26
PMC5573556,frequencies,India.,,,24
PMC5573556,frequencies,cultural,,,21
PMC5603166,frequencies,dm.,,,100
PMC5603166,frequencies,QTL,,,72
PMC5603166,frequencies,markers,,,57
PMC5603166,frequencies,mildew,,,54
PMC5603166,frequencies,downy,,,53
PMC5603166,frequencies,genotype,,,38
PMC5603166,frequencies,map,,,38
PMC5603166,frequencies,Fig,,,36
PMC5603166,frequencies,linkage,,,36
PMC5603166,frequencies,using,,,35
PMC5603166,frequencies,.±.,,,32
PMC5603166,frequencies,SNP,,,32
PMC5603166,frequencies,loci,,,32
PMC5603166,frequencies,resistance,,,32
PMC5603166,frequencies,Contig,,,29
PMC5603166,frequencies,OBNJRcn,,,29
PMC5603166,frequencies,basil,,,29
PMC5603166,frequencies,locus,,,28
PMC5603166,frequencies,MRI,,,26
PMC5603166,frequencies,Plant,,,26
PMC5603166,frequencies,mapping,,,26
PMC5603166,frequencies,segregation,,,26
PMC5603166,frequencies,EST-SSR,,,25
PMC5603166,frequencies,Table,,,24
PMC5603166,frequencies,disease,,,22
PMC5603166,frequencies,sweet,,,22
PMC5603166,frequencies,NJRA,,,21
PMC5603166,frequencies,response,,,21
PMC5607385,frequencies,Oxitard,,,59
PMC5607385,frequencies,stress,,,51
PMC5607385,frequencies,CUS,,,39
PMC5607385,frequencies,∗∗∗,,,35
PMC5607385,frequencies,&lt;,,,28
PMC5607385,frequencies,[].,,,28
PMC5607385,frequencies,"###",,,26
PMC5607385,frequencies,Fig.,,,26
PMC5607385,frequencies,compared,,,21
PMC5619764,frequencies,Fig,,,36
PMC5619764,frequencies,NPs,,,34
PMC5619764,frequencies,PdNPs,,,31
PMC5619764,frequencies,reaction,,,31
PMC5619764,frequencies,catalyst,,,28
PMC5619764,frequencies,using,,,28
PMC5619764,frequencies,nanoparticles,,,27
PMC5619764,frequencies,synthesis,,,21
PMC5620597,frequencies,essential,,,63
PMC5620597,frequencies,oil,,,34
PMC5620597,frequencies,varieties,,,29
PMC5620597,frequencies,basil,,,28
PMC5620597,frequencies,field,,,28
PMC5620597,frequencies,Ocimum,,,24
PMC5620597,frequencies,chemical,,,24
PMC5620597,frequencies,basilicum,,,22
PMC5620597,frequencies,var.,,,22
PMC5620597,frequencies,cultivation,,,21
PMC5620597,frequencies,oils,,,21
PMC5664710,frequencies,plants,,,66
PMC5664710,frequencies,elements,,,58
PMC5664710,frequencies,medicinal,,,51
PMC5664710,frequencies,toxic,,,35
PMC5664710,frequencies,study,,,25
PMC5664710,frequencies,used,,,22
PMC5672119,frequencies,dioica,,,59
PMC5672119,frequencies,wound,,,53
PMC5672119,frequencies,extract,,,36
PMC5672119,frequencies,treated,,,35
PMC5672119,frequencies,healing,,,31
PMC5672119,frequencies,EtOH-H,,,27
PMC5672119,frequencies,showed,,,23
PMC5672119,frequencies,wound-healing,,,21
PMC5674267,frequencies,extract,,,99
PMC5674267,frequencies,oil,,,78
PMC5674267,frequencies,antioxidant,,,74
PMC5674267,frequencies,activity,,,68
PMC5674267,frequencies,essential,,,66
PMC5674267,frequencies,effects,,,49
PMC5674267,frequencies,plant,,,49
PMC5674267,frequencies,aromatic,,,47
PMC5674267,frequencies,radiation,,,46
PMC5674267,frequencies,"acid,",,,43
PMC5674267,frequencies,acid,,,42
PMC5674267,frequencies,compounds,,,42
PMC5674267,frequencies,radical,,,42
PMC5674267,frequencies,scavenging,,,42
PMC5674267,frequencies,damage,,,40
PMC5674267,frequencies,plants,,,40
PMC5674267,frequencies,radioprotective,,,37
PMC5674267,frequencies,Food,,,35
PMC5674267,frequencies,Res.,,,34
PMC5674267,frequencies,Chem.,,,33
PMC5674267,frequencies,constituents,,,33
PMC5674267,frequencies,contains,,,33
PMC5674267,frequencies,mice,,,33
PMC5674267,frequencies,Antioxidant,,,32
PMC5674267,frequencies,family,,,31
PMC5674267,frequencies,radiation-induced,,,31
PMC5674267,frequencies,extracts,,,29
PMC5674267,frequencies,leaves,,,29
PMC5674267,frequencies,properties,,,29
PMC5674267,frequencies,contain,,,28
PMC5674267,frequencies,Sci.,,,26
PMC5674267,frequencies,induced,,,26
PMC5674267,frequencies,DNA,,,25
PMC5674267,frequencies,Indian,,,25
PMC5674267,frequencies,medicinal,,,25
PMC5674267,frequencies,free,,,24
PMC5674267,frequencies,belongs,,,23
PMC5674267,frequencies,used,,,23
PMC5674267,frequencies,chemical,,,22
PMC5674267,frequencies,rats,,,22
PMC5674267,frequencies,studies,,,22
PMC5674267,frequencies,Allium,,,21
PMC5674267,frequencies,mg/kg,,,21
PMC5674267,frequencies,oils,,,21
PMC5674267,frequencies,significant,,,21
PMC5674267,frequencies,–].,,,21
PMC5696514,frequencies,AgNPs,,,94
PMC5696514,frequencies,quercetin,,,81
PMC5696514,frequencies,using,,,75
PMC5696514,frequencies,Tulsi,,,68
PMC5696514,frequencies,silver,,,63
PMC5696514,frequencies,extract,,,61
PMC5696514,frequencies,nanoparticles,,,50
PMC5696514,frequencies,synthesized,,,45
PMC5696514,frequencies,synthesis,,,38
PMC5696514,frequencies,spectra,,,34
PMC5696514,frequencies,absorption,,,33
PMC5696514,frequencies,solution,,,30
PMC5696514,frequencies,obtained,,,28
PMC5696514,frequencies,Figure,,,27
PMC5696514,frequencies,leaf,,,27
PMC5696514,frequencies,size,,,27
PMC5696514,frequencies,different,,,25
PMC5696514,frequencies,ions,,,21
PMC5700130,frequencies,...,,,130
PMC5700130,frequencies,synthase,,,89
PMC5700130,frequencies,|comp_c,,,68
PMC5700130,frequencies,SO|comp_c,,,65
PMC5700130,frequencies,genes,,,64
PMC5700130,frequencies,biosynthesis,,,54
PMC5700130,frequencies,officinalis,,,50
PMC5700130,frequencies,Salvia,,,46
PMC5700130,frequencies,using,,,43
PMC5700130,frequencies,CHO,,,42
PMC5700130,frequencies,expression,,,42
PMC5700130,frequencies,transcriptome,,,41
PMC5700130,frequencies,compounds,,,37
PMC5700130,frequencies,"synthase,",,,37
PMC5700130,frequencies,analysis,,,34
PMC5700130,frequencies,terpenoid,,,34
PMC5700130,frequencies,diphosphate,,,31
PMC5700130,frequencies,leaves,,,30
PMC5700130,frequencies,"leaves,",,,29
PMC5700130,frequencies,Sesqui,,,28
PMC5700130,frequencies,sequencing,,,28
PMC5700130,frequencies,used,,,28
PMC5700130,frequencies,terpene,,,27
PMC5700130,frequencies,young,,,27
PMC5700130,frequencies,gene,,,26
PMC5700130,frequencies,data,,,25
PMC5700130,frequencies,essential,,,25
PMC5700130,frequencies,transcripts,,,25
PMC5700130,frequencies,Plant,,,24
PMC5700130,frequencies,followed,,,24
PMC5700130,frequencies,oil,,,24
PMC5700130,frequencies,old,,,24
PMC5700130,frequencies, °C,,,24
PMC5700130,frequencies,GC-MS,,,23
PMC5700130,frequencies,levels,,,23
PMC5700130,frequencies,unigenes,,,23
PMC5700130,frequencies,results,,,22
PMC5700130,frequencies,Mono,,,21
PMC5700130,frequencies,Table,,,21
PMC5700130,frequencies,involved,,,21
PMC5700130,frequencies,monoterpene,,,21
PMC5700130,frequencies,novo,,,21
PMC5712421,frequencies,sakazakii,,,105
PMC5712421,frequencies,ATCC,,,50
PMC5712421,frequencies,cells,,,37
PMC5712421,frequencies,biofilm,,,28
PMC5712421,frequencies,Cronobacter,,,25
PMC5712421,frequencies,concentrations,,,22
PMC5713083,frequencies,effect,,,28
PMC5717796,frequencies,Memecylon,,,68
PMC5717796,frequencies,species,,,46
PMC5717796,frequencies,protein,,,26
PMC5717796,frequencies,bands,,,21
PMC5742593,frequencies,orientin,,,74
PMC5742593,frequencies,cardiac,,,51
PMC5742593,frequencies,heart,,,40
PMC5742593,frequencies,remodeling,,,37
PMC5742593,frequencies,Orientin,,,31
PMC5742593,frequencies,mice,,,29
PMC5742593,frequencies,weeks,,,28
PMC5742593,frequencies,&lt;,,,21
PMC5745208,frequencies,nanoparticles,,,97
PMC5745208,frequencies,copper,,,95
PMC5745208,frequencies,Copper,,,70
PMC5745208,frequencies,synthesis,,,50
PMC5745208,frequencies,"UV,",,,45
PMC5745208,frequencies,Leaves,,,43
PMC5745208,frequencies,using,,,43
PMC5745208,frequencies,sulfate,,,37
PMC5745208,frequencies,"FTIR,",,,36
PMC5745208,frequencies,different,,,34
PMC5745208,frequencies,used,,,29
PMC5745208,frequencies,CuNPs,,,28
PMC5745208,frequencies,activity,,,27
PMC5745208,frequencies,plant,,,27
PMC5745208,frequencies,Antibacterial,,,25
PMC5745208,frequencies,Synthesis,,,24
PMC5745208,frequencies,extract,,,24
PMC5745208,frequencies,reduction,,,21
PMC5745208,frequencies,size,,,21
PMC5747505,frequencies,Ayurvedic,,,21
PMC5748643,frequencies,essential,,,90
PMC5748643,frequencies,activity,,,72
PMC5748643,frequencies,biofilm,,,64
PMC5748643,frequencies,oils,,,60
PMC5748643,frequencies,antifungal,,,55
PMC5748643,frequencies,cell,,,55
PMC5748643,frequencies,Candida,,,50
PMC5748643,frequencies,albicans,,,50
PMC5748643,frequencies,fungal,,,47
PMC5748643,frequencies,oil,,,41
PMC5748643,frequencies,formation,,,40
PMC5748643,frequencies,EOs,,,38
PMC5748643,frequencies,Microbiol.,,,32
PMC5748643,frequencies,cells,,,32
PMC5748643,frequencies,biofilms,,,31
PMC5748643,frequencies,components,,,24
PMC5748643,frequencies,membrane,,,23
PMC5748643,frequencies,plant,,,23
PMC5748643,frequencies,action,,,21
PMC5748643,frequencies,growth,,,21
PMC5750606,frequencies,food,,,62
PMC5750606,frequencies,plants,,,56
PMC5750606,frequencies,used,,,52
PMC5750606,frequencies,Figure,,,34
PMC5750606,frequencies,plant,,,32
PMC5750606,frequencies,species,,,31
PMC5750606,frequencies,medicinal,,,29
PMC5750606,frequencies,India,,,25
PMC5750606,frequencies,fruits,,,24
PMC5750606,frequencies,parts,,,23
PMC5750606,frequencies,compounds,,,22
PMC5750606,frequencies,roots,,,21
PMC5758638,frequencies,Citrus,,,29
PMC5771181,frequencies,uterine,,,25
PMC5771181,frequencies,endometritis,,,24
PMC5780373,frequencies,microsatellite,,,62
PMC5780373,frequencies,isolates,,,42
PMC5780373,frequencies,gloeosporioides,,,38
PMC5780373,frequencies,loci,,,33
PMC5780373,frequencies,Colletotrichum,,,25
PMC5780373,frequencies,"CG,",,,23
PMC5780373,frequencies,typing,,,21
PMC5787290,frequencies,UBKV,,,140
PMC5787290,frequencies,stomach,,,129
PMC5787290,frequencies,species,,,105
PMC5787290,frequencies,used,,,93
PMC5787290,frequencies,extract,,,79
PMC5787290,frequencies,plants,,,78
PMC5787290,frequencies,consumed,,,75
PMC5787290,frequencies,plant,,,75
PMC5787290,frequencies,cure,,,67
PMC5787290,frequencies,(L.),,,65
PMC5787290,frequencies,"pain,",,,61
PMC5787290,frequencies,water,,,58
PMC5787290,frequencies,solution,,,55
PMC5787290,frequencies,day,,,53
PMC5787290,frequencies,taken,,,53
PMC5787290,frequencies,"dysentery,",,,51
PMC5787290,frequencies,ethnomedicinal,,,51
PMC5787290,frequencies,curing,,,49
PMC5787290,frequencies,days,,,41
PMC5787290,frequencies,medicinal,,,41
PMC5787290,frequencies,"fever,",,,39
PMC5787290,frequencies,pain,,,39
PMC5787290,frequencies,skin,,,39
PMC5787290,frequencies,blood,,,35
PMC5787290,frequencies,body,,,35
PMC5787290,frequencies,cuts,,,35
PMC5787290,frequencies,relief,,,35
PMC5787290,frequencies,India,,,34
PMC5787290,frequencies,cough,,,32
PMC5787290,frequencies,Leaves,,,30
PMC5787290,frequencies,"diarrhoea,",,,30
PMC5787290,frequencies,study,,,30
PMC5787290,frequencies,applied,,,29
PMC5787290,frequencies,"disease,",,,29
PMC5787290,frequencies,mixed,,,29
PMC5787290,frequencies,documented,,,28
PMC5787290,frequencies,"piles,",,,28
PMC5787290,frequencies,use,,,27
PMC5787290,frequencies,Leaf,,,26
PMC5787290,frequencies,boiled,,,26
PMC5787290,frequencies,"cold,",,,26
PMC5787290,frequencies,leaves,,,26
PMC5787290,frequencies,wounds,,,26
PMC5787290,frequencies,"wounds,",,,26
PMC5787290,frequencies,West,,,25
PMC5787290,frequencies,"cough,",,,25
PMC5787290,frequencies,crushed,,,25
PMC5787290,frequencies,"disorder,",,,25
PMC5787290,frequencies,liver,,,25
PMC5787290,frequencies,Fruits,,,24
PMC5787290,frequencies,Roxb.,,,23
PMC5787290,frequencies,glass,,,23
PMC5787290,frequencies,morning,,,23
PMC5787290,frequencies,"problem,",,,23
PMC5787290,frequencies,wild,,,23
PMC5787290,frequencies,Ethnomedicinal,,,22
PMC5787290,frequencies,Pl/W,,,22
PMC5787290,frequencies,"ache,",,,22
PMC5787290,frequencies,domestic,,,22
PMC5787290,frequencies,pain.,,,22
PMC5787290,frequencies,times,,,22
PMC5787290,frequencies,Terminalia,,,21
PMC5787290,frequencies,administered,,,21
PMC5787290,frequencies,conservation,,,21
PMC5787290,frequencies,cooked,,,21
PMC5787290,frequencies,"diabetes,",,,21
PMC5806308,frequencies,cell,,,69
PMC5806308,frequencies,extract,,,51
PMC5806308,frequencies,essential,,,50
PMC5806308,frequencies,Ocimum,,,47
PMC5806308,frequencies,activity,,,42
PMC5806308,frequencies,effect,,,42
PMC5806308,frequencies,oil,,,42
PMC5806308,frequencies,extracts,,,39
PMC5806308,frequencies,MTT,,,37
PMC5806308,frequencies,micranthum,,,37
PMC5806308,frequencies,ethanolic,,,32
PMC5806308,frequencies,concentrations,,,29
PMC5806308,frequencies,using,,,27
PMC5806308,frequencies,aqueous,,,26
PMC5806308,frequencies,cells,,,26
PMC5806308,frequencies,proliferation,,,26
PMC5806308,frequencies,antimicrobial,,,25
PMC5806308,frequencies,concentration,,,24
PMC5806308,frequencies,line,,,21
PMC5817846,frequencies,nanoparticles,,,74
PMC5817846,frequencies,using,,,28
PMC5817846,frequencies,Ag/Ni,,,24
PMC5822768,frequencies,retinal,,,94
PMC5822768,frequencies,diabetic,,,81
PMC5822768,frequencies,patients,,,50
PMC5822768,frequencies,Ophthalmology,,,44
PMC5822768,frequencies,treatment,,,42
PMC5822768,frequencies,cells,,,41
PMC5822768,frequencies,retinopathy,,,39
PMC5822768,frequencies,macular,,,38
PMC5822768,frequencies,clinical,,,30
PMC5822768,frequencies,progression,,,28
PMC5822768,frequencies,treat,,,25
PMC5822768,frequencies,used,,,25
PMC5822768,frequencies,study,,,24
PMC5822768,frequencies,Diabetes,,,22
PMC5822768,frequencies,intravitreal,,,22
PMC5822768,frequencies,therapy,,,22
PMC5822975,frequencies,cough,,,88
PMC5822975,frequencies,throat,,,48
PMC5822975,frequencies,Honitus,,,43
PMC5822975,frequencies,relief,,,38
PMC5822975,frequencies,study,,,36
PMC5822975,frequencies,irritation,,,35
PMC5822975,frequencies,MCS,,,31
PMC5822975,frequencies,acute,,,25
PMC5822975,frequencies,participants,,,23
PMC5822975,frequencies,Table,,,22
PMC5822975,frequencies,nonproductive,,,22
PMC5824918,frequencies,HMGR,,,73
PMC5824918,frequencies,OkHMGR,,,67
PMC5824918,frequencies,expression,,,52
PMC5824918,frequencies,content,,,49
PMC5824918,frequencies,gene,,,41
PMC5824918,frequencies,essential,,,39
PMC5824918,frequencies,(Fig.,,,37
PMC5824918,frequencies,transformed,,,36
PMC5824918,frequencies,oil,,,35
PMC5824918,frequencies,plant,,,35
PMC5824918,frequencies,tissues,,,35
PMC5824918,frequencies,plants,,,32
PMC5824918,frequencies,pathway,,,29
PMC5824918,frequencies,control,,,28
PMC5824918,frequencies,different,,,28
PMC5824918,frequencies,secondary,,,27
PMC5824918,frequencies,Ocimum,,,26
PMC5824918,frequencies,species,,,25
PMC5824918,frequencies,somnifera,,,24
PMC5824918,frequencies,reductase,,,23
PMC5824918,frequencies,Plant,,,21
PMC5824918,frequencies,stress,,,21
PMC5824918,frequencies,tissue,,,21
PMC5830579,frequencies, ± .,,,119
PMC5830579,frequencies,nano-MgO,,,113
PMC5830579,frequencies,using,,,112
PMC5830579,frequencies,nanoparticles,,,80
PMC5830579,frequencies,production,,,78
PMC5830579,frequencies,biomass,,,76
PMC5830579,frequencies,Streptomyces,,,70
PMC5830579,frequencies,used,,,59
PMC5830579,frequencies,endophytic,,,55
PMC5830579,frequencies,coelicolor,,,48
PMC5830579,frequencies,metabolites,,,45
PMC5830579,frequencies,strain,,,45
PMC5830579,frequencies,bioactive,,,44
PMC5830579,frequencies,growth,,,42
PMC5830579,frequencies,medium,,,42
PMC5830579,frequencies,synthesis,,,42
PMC5830579,frequencies,biogenic,,,37
PMC5830579,frequencies,cell,,,37
PMC5830579,frequencies,fermentation,,,35
PMC5830579,frequencies,different,,,33
PMC5830579,frequencies,oxide,,,31
PMC5830579,frequencies,variables,,,31
PMC5830579,frequencies,cultivation,,,30
PMC5830579,frequencies,antimicrobial,,,29
PMC5830579,frequencies,design,,,29
PMC5830579,frequencies,microbial,,,27
PMC5830579,frequencies,activity,,,26
PMC5830579,frequencies,experimental,,,26
PMC5830579,frequencies,highest,,,26
PMC5830579,frequencies,results,,,26
PMC5830579,frequencies,concentration,,,25
PMC5830579,frequencies, °C,,,25
PMC5830579,frequencies,. g;,,,24
PMC5830579,frequencies,antibacterial,,,24
PMC5830579,frequencies,biosynthesis,,,24
PMC5830579,frequencies,metal,,,24
PMC5830579,frequencies,industrial,,,22
PMC5830579,frequencies,optimization,,,22
PMC5830579,frequencies,method,,,21
PMC5830579,frequencies,strategies,,,21
PMC5855364,frequencies,stress,,,79
PMC5855364,frequencies,heat,,,73
PMC5855364,frequencies,Phytocee™,,,50
PMC5855364,frequencies,temperature,,,40
PMC5855364,frequencies,Vitamin,,,37
PMC5855364,frequencies,corticosterone,,,34
PMC5855364,frequencies,broiler,,,32
PMC5855364,frequencies,birds,,,31
PMC5855364,frequencies,body,,,31
PMC5855364,frequencies,chickens,,,27
PMC5855364,frequencies,Sci,,,26
PMC5855364,frequencies,feed,,,25
PMC5855364,frequencies,Effect,,,23
PMC5855364,frequencies,ratio,,,22
PMC5855364,frequencies,H:L,,,21
PMC5857580,frequencies,complexes,,,63
PMC5857580,frequencies,activity,,,50
PMC5857580,frequencies,metal,,,50
PMC5857580,frequencies,Yes,,,38
PMC5857580,frequencies,complex,,,38
PMC5857580,frequencies,antioxidant,,,37
PMC5857580,frequencies,antibacterial,,,30
PMC5857580,frequencies,Chem.,,,28
PMC5857580,frequencies,δ(ppm),,,28
PMC5857580,frequencies,Figure,,,23
PMC5857580,frequencies,acid,,,23
PMC5857580,frequencies,ligand,,,23
PMC5857580,frequencies,shown,,,23
PMC5857580,frequencies,compounds,,,22
PMC5857580,frequencies,a.CH,,,21
PMC5857580,frequencies,activities,,,21
PMC5860693,frequencies,formulation,,,45
PMC5860693,frequencies,gel,,,39
PMC5860693,frequencies,NLC,,,33
PMC5860693,frequencies,lipid,,,33
PMC5860693,frequencies,acid,,,31
PMC5860693,frequencies,arthritis,,,30
PMC5860693,frequencies,CFA,,,23
PMC5860693,frequencies,drug,,,22
PMC5860693,frequencies,induced,,,22
PMC5860693,frequencies,rats,,,21
PMC5860693,frequencies,release,,,21
PMC5884149,frequencies,elements,,,62
PMC5884149,frequencies,plants,,,60
PMC5884149,frequencies,essential,,,29
PMC5884149,frequencies,medicinal,,,29
PMC5884149,frequencies,levels,,,25
PMC5884149,frequencies,study,,,21
PMC5885087,frequencies,antimicrobial,,,36
PMC5885087,frequencies,showed,,,27
PMC5885087,frequencies,extract,,,21
PMC5891864,frequencies,pyramidal,,,34
PMC5891864,frequencies,cells,,,33
PMC5891864,frequencies,sanctum,,,30
PMC5891864,frequencies,rat,,,27
PMC5891864,frequencies,months,,,26
PMC5891864,frequencies,ethanolic,,,25
PMC5891864,frequencies,extract,,,25
PMC5891864,frequencies,density,,,22
PMC5891864,frequencies,old,,,22
PMC5914031,frequencies,accessions,,,110
PMC5914031,frequencies,Ocimum,,,63
PMC5914031,frequencies,cluster,,,58
PMC5914031,frequencies,resistance,,,57
PMC5914031,frequencies,genetic,,,50
PMC5914031,frequencies,population,,,50
PMC5914031,frequencies,using,,,41
PMC5914031,frequencies,structure,,,39
PMC5914031,frequencies,analysis,,,36
PMC5914031,frequencies,(Fig.,,,35
PMC5914031,frequencies,basil,,,32
PMC5914031,frequencies,(acc.,,,31
PMC5914031,frequencies,basilicum,,,31
PMC5914031,frequencies,downy,,,30
PMC5914031,frequencies,spp.,,,30
PMC5914031,frequencies,mildew,,,29
PMC5914031,frequencies,clusters,,,28
PMC5914031,frequencies,markers,,,28
PMC5914031,frequencies,used,,,26
PMC5914031,frequencies,alleles,,,25
PMC5914031,frequencies,diversity,,,24
PMC5914031,frequencies,response,,,24
PMC5914031,frequencies,Plant,,,23
PMC5914031,frequencies,species,,,23
PMC5914031,frequencies,breeding,,,22
PMC5914031,frequencies,file,,,22
PMC5914031,frequencies,.-.,,,21
PMC5914031,frequencies,primary,,,21
PMC5946529,frequencies,herbal,,,48
PMC5946529,frequencies,mouthwash,,,36
PMC5946529,frequencies,day,,,31
PMC5946529,frequencies,study,,,30
PMC5946529,frequencies,chlorhexidine,,,25
PMC5946529,frequencies,microbial,,,22
PMC5952679,frequencies,silver,,,85
PMC5952679,frequencies,nanoparticles,,,71
PMC5952679,frequencies,synthesized,,,56
PMC5952679,frequencies,AgNPs,,,45
PMC5952679,frequencies,extract,,,42
PMC5952679,frequencies,aspera,,,36
PMC5952679,frequencies,suaveolens,,,35
PMC5952679,frequencies,leaf,,,34
PMC5952679,frequencies,activity,,,30
PMC5952679,frequencies,using,,,30
PMC5952679,frequencies,(.–.),,,28
PMC5952679,frequencies,aqueous,,,25
PMC5952679,frequencies,larvae,,,25
PMC5952679,frequencies,larvicidal,,,24
PMC5952679,frequencies,extracts,,,23
PMC5952679,frequencies,mosquito,,,21
PMC5952679,frequencies,stephensi,,,21
PMC5952679,frequencies,synthesis,,,21
PMC5960749,frequencies,pain,,,139
PMC5960749,frequencies,neuropathic,,,103
PMC5960749,frequencies,effects,,,65
PMC5960749,frequencies,extract,,,50
PMC5960749,frequencies,rats,,,45
PMC5960749,frequencies,effect,,,41
PMC5960749,frequencies,diabetic,,,40
PMC5960749,frequencies,induced,,,36
PMC5960749,frequencies,study,,,36
PMC5960749,frequencies,nerve,,,35
PMC5960749,frequencies,model,,,34
PMC5960749,frequencies,neuropathy,,,32
PMC5960749,frequencies,peripheral,,,32
PMC5960749,frequencies,mice,,,31
PMC5960749,frequencies,rat,,,31
PMC5960749,frequencies,Hosseinzadeh,,,25
PMC5960749,frequencies,anti-inflammatory,,,25
PMC5960749,frequencies,chronic,,,24
PMC5960749,frequencies,CCI,,,23
PMC5960749,frequencies,Med,,,22
PMC5960749,frequencies,mechanical,,,22
PMC5960749,frequencies,officinalis,,,22
PMC5960749,frequencies,showed,,,22
PMC5960749,frequencies,used,,,22
PMC5960749,frequencies,injury,,,21
PMC5964621,frequencies,effects,,,123
PMC5964621,frequencies,essential,,,120
PMC5964621,frequencies,activity,,,119
PMC5964621,frequencies,extract,,,113
PMC5964621,frequencies,oil,,,108
PMC5964621,frequencies,extracts,,,86
PMC5964621,frequencies,pain,,,85
PMC5964621,frequencies,effect,,,75
PMC5964621,frequencies,officinalis,,,74
PMC5964621,frequencies,analgesic,,,71
PMC5964621,frequencies,anti-inflammatory,,,68
PMC5964621,frequencies,plant,,,68
PMC5964621,frequencies,used,,,68
PMC5964621,frequencies,species,,,65
PMC5964621,frequencies,antinociceptive,,,58
PMC5964621,frequencies,plants,,,52
PMC5964621,frequencies,Mentha,,,50
PMC5964621,frequencies,oils,,,50
PMC5964621,frequencies,acid,,,45
PMC5964621,frequencies,genus,,,45
PMC5964621,frequencies,compounds,,,42
PMC5964621,frequencies,study,,,42
PMC5964621,frequencies,composition,,,40
PMC5964621,frequencies,leaves,,,39
PMC5964621,frequencies,mice,,,38
PMC5964621,frequencies,medicinal,,,36
PMC5964621,frequencies,Ocimum,,,35
PMC5964621,frequencies,properties,,,35
PMC5964621,frequencies,rosemary,,,35
PMC5964621,frequencies,Lamiaceae,,,34
PMC5964621,frequencies,antioxidant,,,34
PMC5964621,frequencies,studies,,,32
PMC5964621,frequencies,different,,,31
PMC5964621,frequencies,extraction,,,31
PMC5964621,frequencies,formalin,,,31
PMC5964621,frequencies,vulgare,,,31
PMC5964621,frequencies,...,,,30
PMC5964621,frequencies,Rosmarinus,,,30
PMC5964621,frequencies,using,,,30
PMC5964621,frequencies,Sideritis,,,29
PMC5964621,frequencies,Stachys,,,29
PMC5964621,frequencies,inflammatory,,,29
PMC5964621,frequencies,Origanum,,,28
PMC5964621,frequencies,"activity,",,,28
PMC5964621,frequencies,known,,,28
PMC5964621,frequencies,rats,,,27
PMC5964621,frequencies,Thymus,,,26
PMC5964621,frequencies,components,,,26
PMC5964621,frequencies,phenolic,,,26
PMC5964621,frequencies,potential,,,26
PMC5964621,frequencies,"test,",,,26
PMC5964621,frequencies,test,,,24
PMC5964621,frequencies,traditional,,,24
PMC5964621,frequencies,vitro,,,24
PMC5964621,frequencies,./j.jep...,,,23
PMC5964621,frequencies,activities,,,23
PMC5964621,frequencies,analysis,,,23
PMC5964621,frequencies,Lavandula,,,22
PMC5964621,frequencies,Marrubium,,,22
PMC5964621,frequencies,active,,,22
PMC5964621,frequencies,aqueous,,,22
PMC5964621,frequencies,piperita,,,22
PMC5964621,frequencies,sanctum,,,22
PMC5964621,frequencies,scardica,,,22
PMC5964621,frequencies,showed,,,22
PMC5964621,frequencies,vulgaris,,,22
PMC5964621,frequencies,Melissa,,,21
PMC5964621,frequencies,hot-plate,,,21
PMC5964621,frequencies,review,,,21
PMC5964621,frequencies,shown,,,21
PMC5964621,frequencies,vivo,,,21
PMC5964621,frequencies,volatile,,,21
PMC5964621,frequencies, mg/kg,,,21
PMC5965372,frequencies,Vicenin-,,,57
PMC5965372,frequencies,cells,,,40
PMC5965372,frequencies,cell,,,34
PMC5965372,frequencies,cancer,,,33
PMC5965372,frequencies,HT-,,,23
PMC5971330,frequencies,oral,,,26
PMC5971330,frequencies,test,,,25
PMC5971330,frequencies,extract,,,23
PMC5971330,frequencies,PFS,,,22
PMC5971330,frequencies,rats,,,22
PMC5979581,frequencies,Streptomyces,,,160
PMC5979581,frequencies,plant,,,148
PMC5979581,frequencies,Microbiol.,,,80
PMC5979581,frequencies,growth,,,58
PMC5979581,frequencies,Plant,,,56
PMC5979581,frequencies,biocontrol,,,54
PMC5979581,frequencies,endophytic,,,51
PMC5979581,frequencies,microbial,,,43
PMC5979581,frequencies,production,,,40
PMC5979581,frequencies,actinomycetes,,,35
PMC5979581,frequencies,activity,,,35
PMC5979581,frequencies,spp.,,,35
PMC5979581,frequencies,streptomycetes,,,34
PMC5979581,frequencies,control,,,32
PMC5979581,frequencies,soil,,,32
PMC5979581,frequencies,Appl.,,,31
PMC5979581,frequencies,plants,,,30
PMC5979581,frequencies,agents,,,26
PMC5979581,frequencies,potential,,,25
PMC5979581,frequencies,sp.,,,25
PMC5979581,frequencies,different,,,24
PMC5979581,frequencies,growth-promoting,,,23
PMC5979581,frequencies,fungal,,,22
PMC5979581,frequencies,isolated,,,22
PMC5979581,frequencies,use,,,22
PMC5979581,frequencies,agricultural,,,21
PMC5979581,frequencies,pathogens,,,21
PMC5979581,frequencies,produce,,,21
PMC5979581,frequencies,rhizosphere,,,21
PMC5979581,frequencies,species,,,21
PMC5981179,frequencies,ACC,,,165
PMC5981179,frequencies,plant,,,89
PMC5981179,frequencies,ethylene,,,84
PMC5981179,frequencies,plants,,,65
PMC5981179,frequencies,deaminase,,,59
PMC5981179,frequencies,Plant,,,52
PMC5981179,frequencies,bacteria,,,52
PMC5981179,frequencies,waterlogged,,,52
PMC5981179,frequencies,stress,,,51
PMC5981179,frequencies,waterlogging,,,40
PMC5981179,frequencies,bacterial,,,35
PMC5981179,frequencies,deaminase-producing,,,32
PMC5981179,frequencies,growth,,,31
PMC5981179,frequencies,Glick,,,26
PMC5981179,frequencies,roots,,,26
PMC5981179,frequencies,"Glick,",,,23
PMC5981179,frequencies,conditions,,,22
PMC5981179,frequencies,"conditions,",,,21
PMC5983777,frequencies,antimalarial,,,90
PMC5983777,frequencies,activity,,,67
PMC5983777,frequencies,compounds,,,67
PMC5983777,frequencies,values,,,63
PMC5983777,frequencies,Figure,,,52
PMC5983777,frequencies,falciparum,,,43
PMC5983777,frequencies,plant,,,41
PMC5983777,frequencies,plants,,,36
PMC5983777,frequencies,malaria,,,34
PMC5983777,frequencies,showed,,,34
PMC5983777,frequencies,used,,,33
PMC5983777,frequencies,Family,,,32
PMC5983777,frequencies,...,,,28
PMC5983777,frequencies,Antimalarial,,,28
PMC5983777,frequencies,cells,,,28
PMC5983777,frequencies,antiplasmodial,,,26
PMC5983777,frequencies,isolated,,,26
PMC5983777,frequencies,Med.,,,25
PMC5983777,frequencies,cytotoxicity,,,24
PMC5983777,frequencies,strain,,,24
PMC5983777,frequencies,Plasmodium,,,21
PMC5983777,frequencies,compound,,,21
PMC5983777,frequencies,drug,,,21
PMC5983777,frequencies,new,,,21
PMC5987647,frequencies,virus,,,88
PMC5987647,frequencies,extracts,,,63
PMC5987647,frequencies,activity,,,50
PMC5987647,frequencies,ocimum,,,50
PMC5987647,frequencies,extract,,,48
PMC5987647,frequencies,influenza,,,45
PMC5987647,frequencies,antiviral,,,38
PMC5987647,frequencies,sanctum,,,33
PMC5987647,frequencies,polyphenol,,,31
PMC5987647,frequencies,control,,,30
PMC5987647,frequencies,crude,,,30
PMC5987647,frequencies,arabica,,,29
PMC5987647,frequencies,dose,,,28
PMC5987647,frequencies,acacia,,,26
PMC5987647,frequencies,mg/.,,,26
PMC5987647,frequencies,avian,,,25
PMC5987647,frequencies,virucidal,,,22
PMC5987647,frequencies,allantoic,,,21
PMC5991880,frequencies,plant,,,49
PMC5991880,frequencies,medicinal,,,35
PMC5991880,frequencies,genes,,,34
PMC5991880,frequencies,[].,,,28
PMC5991880,frequencies,new,,,26
PMC5991880,frequencies,metabolic,,,24
PMC5991880,frequencies,gene,,,23
PMC5991880,frequencies,pathway,,,22
PMC5991880,frequencies,"[],",,,21
PMC5991880,frequencies,genome,,,21
PMC6006897,frequencies,NaOCl,,,34
PMC6006897,frequencies,herbal,,,33
PMC6006897,frequencies,chlorine,,,27
PMC6006897,frequencies,hypochlorite,,,22
PMC6006897,frequencies,sodium,,,21
PMC6023537,frequencies,pulmonary,,,56
PMC6023537,frequencies,MCT,,,34
PMC6023537,frequencies,ventricular,,,34
PMC6023537,frequencies,rats,,,30
PMC6023537,frequencies,right,,,30
PMC6023537,frequencies,&lt;,,,28
PMC6023537,frequencies,lung,,,28
PMC6023537,frequencies,hypertension,,,26
PMC6023537,frequencies,weight,,,24
PMC6023537,frequencies,significant,,,22
PMC6024997,frequencies,nanoparticles,,,179
PMC6024997,frequencies,using,,,105
PMC6024997,frequencies,synthesis,,,104
PMC6024997,frequencies,extract,,,101
PMC6024997,frequencies,NPs,,,94
PMC6024997,frequencies,silver,,,86
PMC6024997,frequencies,activity,,,65
PMC6024997,frequencies,Green,,,55
PMC6024997,frequencies,gold,,,54
PMC6024997,frequencies,green,,,54
PMC6024997,frequencies,leaf,,,54
PMC6024997,frequencies,Sci.,,,46
PMC6024997,frequencies,metal,,,44
PMC6024997,frequencies,plant,,,41
PMC6024997,frequencies,synthesized,,,41
PMC6024997,frequencies,antibacterial,,,32
PMC6024997,frequencies,Chem.,,,30
PMC6024997,frequencies,compounds,,,29
PMC6024997,frequencies,activities,,,27
PMC6024997,frequencies,extracts,,,26
PMC6024997,frequencies,ions,,,26
PMC6024997,frequencies,antioxidant,,,25
PMC6024997,frequencies,properties,,,25
PMC6024997,frequencies,Int.,,,24
PMC6024997,frequencies,./s---,,,23
PMC6024997,frequencies,Res.,,,23
PMC6024997,frequencies,potential,,,22
PMC6024997,frequencies,Mater.,,,21
PMC6024997,frequencies,oxide,,,21
PMC6039906,frequencies,nanoparticles,,,59
PMC6039906,frequencies,AgNPs,,,57
PMC6039906,frequencies,silver,,,49
PMC6039906,frequencies,extract,,,44
PMC6039906,frequencies,using,,,32
PMC6039906,frequencies,activity,,,28
PMC6039906,frequencies,synthesis,,,27
PMC6039906,frequencies,Figure,,,26
PMC6039906,frequencies,bipinnata,,,26
PMC6039906,frequencies,leaf,,,25
PMC6051271,frequencies,nanoparticles,,,61
PMC6051271,frequencies,synthesis,,,41
PMC6051271,frequencies,using,,,36
PMC6051271,frequencies,PtNPs,,,33
PMC6051271,frequencies,PdNPs,,,29
PMC6051271,frequencies,extract,,,21
PMC6052011,frequencies,milk,,,87
PMC6052011,frequencies,ceftizoxime,,,74
PMC6052011,frequencies,ceftriaxone,,,69
PMC6052011,frequencies,goats,,,64
PMC6052011,frequencies,drug,,,57
PMC6052011,frequencies,healthy,,,40
PMC6052011,frequencies,single,,,38
PMC6052011,frequencies,dosing,,,36
PMC6052011,frequencies,polyherbal,,,35
PMC6052011,frequencies,intravenous,,,34
PMC6052011,frequencies, hr,,,33
PMC6052011,frequencies,following,,,31
PMC6052011,frequencies,a ± .,,,30
PMC6052011,frequencies,mastitic,,,27
PMC6052011,frequencies,administration,,,25
PMC6052011,frequencies,concentration,,,23
PMC6052011,frequencies,dose,,,21
PMC6060388,frequencies,Typhi,,,63
PMC6060388,frequencies,fever,,,61
PMC6060388,frequencies,Salmonella,,,54
PMC6060388,frequencies,typhoid,,,54
PMC6060388,frequencies,azithromycin,,,47
PMC6060388,frequencies,days,,,46
PMC6060388,frequencies,Azithromycin,,,44
PMC6060388,frequencies,resistance,,,37
PMC6060388,frequencies,mg/kg,,,36
PMC6060388,frequencies,treatment,,,36
PMC6060388,frequencies,clinical,,,35
PMC6060388,frequencies,Gatifloxacin,,,32
PMC6060388,frequencies,Ofloxacin,,,30
PMC6060388,frequencies,blood,,,29
PMC6060388,frequencies,enterica,,,27
PMC6060388,frequencies,susceptibility,,,26
PMC6060388,frequencies,ofloxacin,,,25
PMC6060388,frequencies,Infect.,,,23
PMC6060388,frequencies,day),,,23
PMC6060388,frequencies,failure:,,,23
PMC6060388,frequencies,antimicrobial,,,22
PMC6060388,frequencies,isolates,,,21
PMC6060388,frequencies,therapy,,,21
PMC6079351,frequencies,DNA,,,52
PMC6079351,frequencies,VOO,,,46
PMC6079351,frequencies,chromosomal,,,38
PMC6079351,frequencies,tissues,,,25
PMC6079351,frequencies,cells,,,24
PMC6079351,frequencies,effect,,,23
PMC6079351,frequencies,cardiac,,,21
PMC6079351,frequencies,hepatic,,,21
PMC6083739,frequencies,melanoma,,,65
PMC6083739,frequencies,tumor,,,54
PMC6083739,frequencies,cell,,,51
PMC6083739,frequencies,studies,,,51
PMC6083739,frequencies,treatment,,,43
PMC6083739,frequencies,cells,,,38
PMC6083739,frequencies,extracts,,,36
PMC6083739,frequencies,plant,,,35
PMC6083739,frequencies,cancer,,,30
PMC6083739,frequencies,growth,,,28
PMC6083739,frequencies,extract,,,27
PMC6083739,frequencies,activity,,,23
PMC6083739,frequencies,reported,,,22
PMC6093152,frequencies,Ocimum,,,112
PMC6093152,frequencies,ISSR,,,53
PMC6093152,frequencies,species,,,45
PMC6093152,frequencies,markers,,,36
PMC6093152,frequencies,using,,,31
PMC6093152,frequencies,UBC,,,29
PMC6093152,frequencies,phylogenetic,,,29
PMC6093152,frequencies,genetic,,,27
PMC6093152,frequencies,DNA,,,26
PMC6093152,frequencies,psbA‐trnH,,,24
PMC6093152,frequencies,analysis,,,23
PMC6093152,frequencies,sequence,,,22
PMC6093152,frequencies,based,,,21
PMC6093152,frequencies,study,,,21
PMC6093152,frequencies,tenuiflorum,,,21
PMC6093152,frequencies,used,,,21
PMC6105116,frequencies,teak,,,68
PMC6105116,frequencies,genome,,,64
PMC6105116,frequencies,genetic,,,37
PMC6105116,frequencies,Table,,,36
PMC6105116,frequencies,using,,,32
PMC6105116,frequencies,Tectona,,,26
PMC6105116,frequencies,SSRs,,,25
PMC6105116,frequencies,reads,,,25
PMC6105116,frequencies,sequences,,,23
PMC6105116,frequencies,SSR,,,22
PMC6105116,frequencies,DNA,,,21
PMC6105116,frequencies,Lamiaceae,,,21
PMC6105116,frequencies,Supplementary,,,21
PMC6105116,frequencies,used,,,21
PMC6117687,frequencies,photocatalytic,,,60
PMC6117687,frequencies,BiOBr-G,,,52
PMC6117687,frequencies,BiOBr-C,,,43
PMC6117687,frequencies,Figure,,,38
PMC6117687,frequencies,leaf,,,34
PMC6117687,frequencies,extract,,,32
PMC6117687,frequencies,light,,,30
PMC6117687,frequencies,visible,,,29
PMC6117687,frequencies,activity,,,28
PMC6117687,frequencies,degradation,,,26
PMC6117687,frequencies,using,,,24
PMC6117687,frequencies,Zhang,,,23
PMC6117687,frequencies,BiOBr,,,22
PMC6117687,frequencies,synthesis,,,22
PMC6117687,frequencies,"BiOBr-G,",,,21
PMC6121495,frequencies,AgNPs,,,123
PMC6121495,frequencies,cells,,,88
PMC6121495,frequencies,cell,,,64
PMC6121495,frequencies,cancer,,,57
PMC6121495,frequencies,using,,,56
PMC6121495,frequencies,human,,,39
PMC6121495,frequencies,HCT,,,38
PMC6121495,frequencies,nanoparticles,,,35
PMC6121495,frequencies,silver,,,34
PMC6121495,frequencies,mitochondrial,,,27
PMC6121495,frequencies,ROS,,,25
PMC6121495,frequencies,effects,,,25
PMC6121495,frequencies,various,,,24
PMC6121495,frequencies,showed,,,23
PMC6121495,frequencies,concentrations,,,22
PMC6121495,frequencies,Figure,,,21
PMC6121495,frequencies,analysis,,,21
PMC6121495,frequencies,cellular,,,21
PMC6122250,frequencies,water,,,52
PMC6122250,frequencies,concentrations,,,30
PMC6122250,frequencies,Figure,,,24
PMC6122250,frequencies,agents,,,21
PMC6122250,frequencies,used,,,21
PMC6130623,frequencies,arsenic,,,92
PMC6130623,frequencies,toxicity,,,60
PMC6130623,frequencies,Rats,,,32
PMC6130623,frequencies,induced,,,32
PMC6130623,frequencies,arsenic-induced,,,31
PMC6130623,frequencies,oxidative,,,28
PMC6130623,frequencies,rats,,,28
PMC6130623,frequencies,Toxicol.,,,27
PMC6130623,frequencies,"Liver,",,,23
PMC6130623,frequencies,effect,,,23
PMC6130747,frequencies,. ± .,,,48
PMC6130747,frequencies,extract,,,43
PMC6130747,frequencies,coriacea,,,25
PMC6130747,frequencies,Buchholzia,,,24
PMC6130747,frequencies,mice,,,22
PMC6136479,frequencies,used,,,66
PMC6136479,frequencies,use,,,64
PMC6136479,frequencies,T&amp;CM,,,56
PMC6136479,frequencies,patients,,,43
PMC6136479,frequencies,Saudi,,,41
PMC6136479,frequencies,diabetic,,,41
PMC6136479,frequencies,prevalence,,,38
PMC6136479,frequencies,diabetes,,,35
PMC6136479,frequencies,medicine,,,32
PMC6136479,frequencies,therapies,,,32
PMC6136479,frequencies,herbs,,,30
PMC6136479,frequencies,reported,,,28
PMC6136479,frequencies,complementary,,,27
PMC6136479,frequencies,studies,,,23
PMC6136479,frequencies,Arabia,,,21
PMC6136479,frequencies,Complementary,,,21
PMC6137568,frequencies,protease,,,56
PMC6137568,frequencies,inhibitor,,,53
PMC6137568,frequencies,activity,,,37
PMC6145203,frequencies,drug,,,218
PMC6145203,frequencies,nanoparticles,,,206
PMC6145203,frequencies,delivery,,,172
PMC6145203,frequencies,release,,,82
PMC6145203,frequencies,drugs,,,63
PMC6145203,frequencies,cancer,,,57
PMC6145203,frequencies,natural,,,54
PMC6145203,frequencies,applications,,,50
PMC6145203,frequencies,systems,,,47
PMC6145203,frequencies,based,,,44
PMC6145203,frequencies,cells,,,40
PMC6145203,frequencies,nanomedicine,,,40
PMC6145203,frequencies,using,,,40
PMC6145203,frequencies,potential,,,37
PMC6145203,frequencies,used,,,37
PMC6145203,frequencies,cell,,,34
PMC6145203,frequencies,different,,,34
PMC6145203,frequencies,protein,,,34
PMC6145203,frequencies,Drug,,,32
PMC6145203,frequencies,Zhang,,,32
PMC6145203,frequencies,chitosan,,,31
PMC6145203,frequencies,therapeutic,,,31
PMC6145203,frequencies,toxicity,,,31
PMC6145203,frequencies,Chem,,,29
PMC6145203,frequencies,Int,,,29
PMC6145203,frequencies,Pharm,,,29
PMC6145203,frequencies,Sci,,,29
PMC6145203,frequencies,stability,,,29
PMC6145203,frequencies,treatment,,,29
PMC6145203,frequencies,bioavailability,,,28
PMC6145203,frequencies,compounds,,,28
PMC6145203,frequencies,Wang,,,27
PMC6145203,frequencies,acid,,,26
PMC6145203,frequencies,imaging,,,26
PMC6145203,frequencies,new,,,26
PMC6145203,frequencies,biological,,,25
PMC6145203,frequencies,clinical,,,25
PMC6145203,frequencies,properties,,,25
PMC6145203,frequencies,therapy,,,25
PMC6145203,frequencies,Improved,,,24
PMC6145203,frequencies,oxide,,,24
PMC6145203,frequencies,products,,,24
PMC6145203,frequencies,various,,,24
PMC6145203,frequencies,alginate,,,23
PMC6145203,frequencies,controlled,,,23
PMC6145203,frequencies,iron,,,23
PMC6145203,frequencies,targeting,,,23
PMC6145203,frequencies,tumor,,,23
PMC6145203,frequencies,Increased,,,22
PMC6145203,frequencies,PEGylated,,,22
PMC6145203,frequencies,Res,,,22
PMC6145203,frequencies,Rev,,,22
PMC6145203,frequencies,activity,,,22
PMC6145203,frequencies,development,,,22
PMC6145203,frequencies,nanocarriers,,,22
PMC6145203,frequencies,synthesized,,,22
PMC6145203,frequencies,Nanocrystals,,,21
PMC6145203,frequencies,research,,,21
PMC6145203,frequencies,review,,,21
PMC6145203,frequencies,targeted,,,21
PMC6145203,frequencies,use,,,21
PMC6150305,frequencies,HIV-,,,63
PMC6150305,frequencies,cells,,,37
PMC6150305,frequencies,labiatum,,,32
PMC6150305,frequencies,extract,,,31
PMC6150305,frequencies,isolated,,,25
PMC6150305,frequencies,Ocimum,,,22
PMC6150305,frequencies,cell,,,21
PMC6150305,frequencies,phy-a,,,21
PMC6152233,frequencies,extraction,,,185
PMC6152233,frequencies,supercritical,,,89
PMC6152233,frequencies,fluid,,,58
PMC6152233,frequencies,SFE,,,55
PMC6152233,frequencies,Supercritical,,,44
PMC6152233,frequencies,oil,,,41
PMC6152233,frequencies,carbon,,,40
PMC6152233,frequencies,solvent,,,40
PMC6152233,frequencies,./j.supflu...,,,39
PMC6152233,frequencies,Fluids,,,39
PMC6152233,frequencies,Supercrit.,,,39
PMC6152233,frequencies,using,,,38
PMC6152233,frequencies,dioxide,,,37
PMC6152233,frequencies,methods,,,35
PMC6152233,frequencies,compounds,,,34
PMC6152233,frequencies,SCF,,,31
PMC6152233,frequencies,yield,,,30
PMC6152233,frequencies,Food,,,29
PMC6152233,frequencies,process,,,24
PMC6152233,frequencies,pressure,,,23
PMC6152233,frequencies,used,,,23
PMC6152233,frequencies,temperature,,,22
PMC6152233,frequencies,Chem.,,,21
PMC6200556,frequencies,cells,,,79
PMC6200556,frequencies,OSE,,,47
PMC6200556,frequencies,ChAT,,,42
PMC6200556,frequencies,HEK-,,,36
PMC6200556,frequencies,expression,,,33
PMC6200556,frequencies,cell,,,27
PMC6200556,frequencies,sanctum,,,27
PMC6206834,frequencies,nanoparticles,,,264
PMC6206834,frequencies,synthesis,,,124
PMC6206834,frequencies,silver,,,119
PMC6206834,frequencies,using,,,74
PMC6206834,frequencies,metal,,,73
PMC6206834,frequencies,gold,,,59
PMC6206834,frequencies,Chem,,,52
PMC6206834,frequencies,oxide,,,49
PMC6206834,frequencies,extract,,,48
PMC6206834,frequencies,leaf,,,43
PMC6206834,frequencies,Silver,,,38
PMC6206834,frequencies,plant,,,38
PMC6206834,frequencies,ionic,,,35
PMC6206834,frequencies,Spherical,,,34
PMC6206834,frequencies,activity,,,34
PMC6206834,frequencies,ions,,,34
PMC6206834,frequencies,Green,,,33
PMC6206834,frequencies,metallic,,,32
PMC6206834,frequencies,synthesized,,,31
PMC6206834,frequencies,Gold,,,30
PMC6206834,frequencies,Sci,,,29
PMC6206834,frequencies,antimicrobial,,,29
PMC6206834,frequencies,green,,,26
PMC6206834,frequencies,NPs,,,23
PMC6206834,frequencies,Mater,,,22
PMC6206834,frequencies,Res,,,22
PMC6206834,frequencies,formation,,,22
PMC6206834,frequencies,reduction,,,22
PMC6206834,frequencies,biosynthesis,,,21
PMC6206834,frequencies,liquids,,,21
PMC6215600,frequencies,. ± .,,,109
PMC6215600,frequencies,endophytic,,,51
PMC6215600,frequencies,oil,,,51
PMC6215600,frequencies,degradation,,,47
PMC6215600,frequencies,isolated,,,42
PMC6215600,frequencies,biosurfactant,,,39
PMC6215600,frequencies,plant,,,35
PMC6215600,frequencies,hydrocarbons,,,33
PMC6215600,frequencies,activity,,,31
PMC6215600,frequencies,engine,,,31
PMC6215600,frequencies,diesel,,,29
PMC6215600,frequencies,endophytes,,,29
PMC6215600,frequencies,strain,,,26
PMC6215600,frequencies,pumilus,,,25
PMC6215600,frequencies,contaminated,,,24
PMC6215600,frequencies,waste,,,23
PMC6215600,frequencies,potential,,,22
PMC6215600,frequencies,bacteria,,,21
PMC6215600,frequencies,growth,,,21
PMC6225489,frequencies,nanoparticles,,,52
PMC6225489,frequencies,silver,,,51
PMC6225489,frequencies,Coptidis,,,40
PMC6225489,frequencies,extract,,,40
PMC6225489,frequencies,AgNPs,,,34
PMC6225489,frequencies,using,,,32
PMC6225489,frequencies,bAgNPs,,,30
PMC6225489,frequencies,rhizome,,,27
PMC6239295,frequencies,OsaTPS,,,176
PMC6239295,frequencies,genes,,,117
PMC6239295,frequencies,synthase,,,82
PMC6239295,frequencies,TPS,,,78
PMC6239295,frequencies,sanctum,,,69
PMC6239295,frequencies,terpene,,,62
PMC6239295,frequencies,Ocimum,,,61
PMC6239295,frequencies,gene,,,43
PMC6239295,frequencies,functional,,,41
PMC6239295,frequencies,subfamily,,,40
PMC6239295,frequencies,class,,,35
PMC6239295,frequencies,Fig,,,33
PMC6239295,frequencies,sequence,,,32
PMC6239295,frequencies,conserved,,,30
PMC6239295,frequencies,phylogenetic,,,30
PMC6239295,frequencies,motif,,,29
PMC6239295,frequencies,species,,,29
PMC6239295,frequencies,putative,,,27
PMC6239295,frequencies,synthases,,,27
PMC6239295,frequencies,TPS-b,,,25
PMC6239295,frequencies,basilicum,,,24
PMC6239295,frequencies,genome,,,24
PMC6239295,frequencies,shown,,,24
PMC6239295,frequencies,Plant,,,23
PMC6239295,frequencies,family,,,23
PMC6239295,frequencies,plant,,,23
PMC6239295,frequencies,Available:,,,22
PMC6239295,frequencies,"OsaTPS),",,,21
PMC6239295,frequencies,tree,,,21
PMC6255897,frequencies,Chem.,,,36
PMC6255897,frequencies,binding,,,30
PMC6255897,frequencies,NDM-,,,26
PMC6255897,frequencies,using,,,24
PMC6255897,frequencies,calculations,,,21
PMC6261265,frequencies,Tulsi’,,,50
PMC6261265,frequencies,Tulsi,,,43
PMC6261265,frequencies,used,,,40
PMC6261265,frequencies,different,,,39
PMC6261265,frequencies,‘Vana,,,39
PMC6261265,frequencies,tenuiflorum,,,38
PMC6261265,frequencies,Fig,,,37
PMC6261265,frequencies,sequences,,,36
PMC6261265,frequencies,haplotype,,,34
PMC6261265,frequencies,sequence,,,33
PMC6261265,frequencies,accessions,,,29
PMC6261265,frequencies,light,,,28
PMC6261265,frequencies,using,,,28
PMC6261265,frequencies,genetic,,,25
PMC6261265,frequencies,species,,,25
PMC6261265,frequencies,Ocimum,,,23
PMC6261265,frequencies,basilicum,,,22
PMC6261265,frequencies,differences,,,22
PMC6261265,frequencies,plants,,,22
PMC6262289,frequencies,essential,,,72
PMC6262289,frequencies,basil,,,60
PMC6262289,frequencies,oil,,,49
PMC6262289,frequencies,Ocimum,,,47
PMC6262289,frequencies,oils,,,30
PMC6262289,frequencies,Thai,,,21
PMC6262289,frequencies,basilicum,,,21
PMC6273821,frequencies,peripheral,,,51
PMC6273821,frequencies,neuropathy,,,45
PMC6273821,frequencies,cancer,,,40
PMC6273821,frequencies,effects,,,28
PMC6273821,frequencies,extract,,,28
PMC6273821,frequencies,Cancer,,,24
PMC6273821,frequencies,effect,,,24
PMC6273821,frequencies,neurotoxicity,,,23
PMC6273821,frequencies,oxaliplatin-induced,,,22
PMC6273829,frequencies,acne,,,141
PMC6273829,frequencies,treatment,,,94
PMC6273829,frequencies,Acne,,,60
PMC6273829,frequencies,acnes,,,56
PMC6273829,frequencies,used,,,56
PMC6273829,frequencies,topical,,,54
PMC6273829,frequencies,Dermatol.,,,42
PMC6273829,frequencies,inflammatory,,,40
PMC6273829,frequencies,skin,,,33
PMC6273829,frequencies,vulgaris,,,33
PMC6273829,frequencies,anti-inflammatory,,,28
PMC6273829,frequencies,showed,,,25
PMC6273829,frequencies,activity,,,24
PMC6273829,frequencies,therapy,,,23
PMC6273829,frequencies,...,,,22
PMC6273829,frequencies,benzoyl,,,21
PMC6273829,frequencies,lesions,,,21
PMC6273829,frequencies,use,,,21
PMC6281068,frequencies,clinical,,,128
PMC6281068,frequencies,trial,,,115
PMC6281068,frequencies,gingivitis,,,85
PMC6281068,frequencies,CHX,,,82
PMC6281068,frequencies,subjects,,,70
PMC6281068,frequencies,plaque,,,67
PMC6281068,frequencies,study,,,61
PMC6281068,frequencies,"Randomized,",,,54
PMC6281068,frequencies,mouthwash,,,50
PMC6281068,frequencies,compared,,,49
PMC6281068,frequencies,Mouthwash,,,48
PMC6281068,frequencies,groups,,,47
PMC6281068,frequencies,herbal,,,45
PMC6281068,frequencies,Dent,,,44
PMC6281068,frequencies,effect,,,43
PMC6281068,frequencies,controlled,,,38
PMC6281068,frequencies,"double-blind,",,,38
PMC6281068,frequencies,gingival,,,35
PMC6281068,frequencies,containing,,,32
PMC6281068,frequencies,oral,,,31
PMC6281068,frequencies,index,,,29
PMC6281068,frequencies,significant,,,29
PMC6281068,frequencies,"PI,",,,28
PMC6281068,frequencies,control,,,28
PMC6281068,frequencies,extract,,,28
PMC6281068,frequencies,randomized,,,28
PMC6281068,frequencies,Aloe,,,27
PMC6281068,frequencies,Res,,,27
PMC6281068,frequencies,group,,,27
PMC6281068,frequencies,periodontal,,,27
PMC6281068,frequencies,Med,,,24
PMC6281068,frequencies,chlorhexidine,,,24
PMC6281068,frequencies,dentifrice,,,24
PMC6281068,frequencies,tea,,,24
PMC6281068,frequencies,Clinical,,,23
PMC6281068,frequencies,Sci,,,23
PMC6281068,frequencies,efficacy,,,23
PMC6281068,frequencies,placebo-controlled,,,22
PMC6281068,frequencies,vera,,,22
PMC6281068,frequencies,bleeding,,,21
PMC6281068,frequencies,effects,,,21
PMC6281068,frequencies,gel,,,21
PMC6281068,frequencies,"↓PI,",,,21
PMC6289780,frequencies,...,,,144
PMC6289780,frequencies,"KX,",,,142
PMC6289780,frequencies,synthase,,,89
PMC6289780,frequencies,genes,,,65
PMC6289780,frequencies,biosynthesis,,,58
PMC6289780,frequencies,transcriptome,,,50
PMC6289780,frequencies,guaranitica,,,48
PMC6289780,frequencies,using,,,46
PMC6289780,frequencies,compounds,,,45
PMC6289780,frequencies,Salvia,,,41
PMC6289780,frequencies,essential,,,39
PMC6289780,frequencies,terpenoid,,,38
PMC6289780,frequencies,expression,,,37
PMC6289780,frequencies,analysis,,,35
PMC6289780,frequencies,diphosphate,,,35
PMC6289780,frequencies,data,,,31
PMC6289780,frequencies,sequencing,,,31
PMC6289780,frequencies,terpene,,,31
PMC6289780,frequencies,used,,,29
PMC6289780,frequencies,CHO,,,28
PMC6289780,frequencies,Table,,,28
PMC6289780,frequencies, °C,,,27
PMC6289780,frequencies,followed,,,26
PMC6289780,frequencies,young,,,26
PMC6289780,frequencies,novo,,,25
PMC6289780,frequencies,transcripts,,,25
PMC6289780,frequencies,leaves,,,24
PMC6289780,frequencies,monoterpene,,,24
PMC6289780,frequencies,plant,,,24
PMC6289780,frequencies,"synthase,",,,24
PMC6289780,frequencies,unigenes,,,24
PMC6289780,frequencies,"(.%),",,,23
PMC6289780,frequencies,GC-MS,,,23
PMC6289780,frequencies,Sesqui,,,23
PMC6289780,frequencies,Plant,,,22
PMC6289780,frequencies,oil,,,22
PMC6289780,frequencies,results,,,22
PMC6289780,frequencies,synthase;,,,22
PMC6289780,frequencies,involved,,,21
PMC6296643,frequencies,Ocimum,,,72
PMC6296643,frequencies,tulsi),,,66
PMC6296643,frequencies,basilicum,,,53
PMC6296643,frequencies,species,,,47
PMC6296643,frequencies,leaf,,,44
PMC6296643,frequencies,gratissimum,,,41
PMC6296643,frequencies,tenuiflorum,,,38
PMC6296643,frequencies,genotypes,,,35
PMC6296643,frequencies,[].,,,32
PMC6296643,frequencies,morphological,,,30
PMC6296643,frequencies,different,,,28
PMC6296643,frequencies,(Babu,,,27
PMC6296643,frequencies,"[],",,,27
PMC6296643,frequencies,africanum,,,26
PMC6296643,frequencies,traits,,,25
PMC6296643,frequencies,used,,,24
PMC6296643,frequencies,acid,,,23
PMC6296643,frequencies,diversity,,,22
PMC6296643,frequencies,showed,,,22
PMC6296643,frequencies,(Ajowan,,,21
PMC6296643,frequencies,analysis,,,21
PMC6296643,frequencies,genetic,,,21
PMC6296643,frequencies,"tulsi),",,,21
PMC6313609,frequencies,essential,,,70
PMC6313609,frequencies,oils,,,54
PMC6313609,frequencies,volatiles,,,38
PMC6313609,frequencies,activity,,,36
PMC6313609,frequencies,cinerea,,,31
PMC6313609,frequencies,oil,,,31
PMC6313609,frequencies,fruits,,,28
PMC6313609,frequencies,fruit,,,27
PMC6313609,frequencies,compounds,,,26
PMC6313609,frequencies,growth,,,24
PMC6313609,frequencies,plant,,,24
PMC6313609,frequencies,reported,,,23
PMC6313609,frequencies,control,,,22
PMC6313609,frequencies,fungal,,,22
PMC6313609,frequencies,strawberry,,,22
PMC6313609,frequencies,Essential,,,21
PMC6338118,frequencies,patients,,,61
PMC6338118,frequencies,study,,,46
PMC6338118,frequencies,therapy,,,46
PMC6338118,frequencies,Syferol-IHP,,,45
PMC6338118,frequencies,ulcer,,,43
PMC6338118,frequencies,triple,,,40
PMC6338118,frequencies,PUD,,,26
PMC6338118,frequencies,pylori,,,25
PMC6338118,frequencies,placebo,,,24
PMC6338118,frequencies,treatment,,,23
PMC6340217,frequencies,Tinospora,,,42
PMC6340217,frequencies,activity,,,24
PMC6340217,frequencies,cordifolia,,,24
PMC6340217,frequencies,antimicrobial,,,22
